RaceId,Season,StartDate,Location,DisciplineId,DisciplineLabel,GenderLabel,IsRelay,NrShootings,FullName,Shootings,RankInt,total_misses,total_penalties,total_spares,miss_1,miss_2,miss_3,miss_4,penalty_1,penalty_2,penalty_3,penalty_4
BT1718SWRLCP01SMIN,1718,2017-11-30,Swedish National Biathlon Arena,IN,Individual,Men,FALSE,4,Emilien JACQUELIN,1+0+0+0,35,1,0,0,1,0,0,0,0,0,0,0
BT1718SWRLCP01SMSP,1718,2017-12-02,Swedish National Biathlon Arena,SP,Sprint,Men,FALSE,2,Emilien JACQUELIN,0+1,37,1,1,0,0,1,NA,NA,0,1,NA,NA
BT1718SWRLCP01SMPU,1718,2017-12-03,Swedish National Biathlon Arena,PU,Pursuit,Men,FALSE,4,Emilien JACQUELIN,0+0+1+2,28,3,3,0,0,0,1,2,0,0,1,2
BT1718SWRLCP02SMSP,1718,2017-12-08,Biathlon Stadium Hochfilzen,SP,Sprint,Men,FALSE,2,Emilien JACQUELIN,1+1,58,2,2,0,1,1,NA,NA,1,1,NA,NA
BT1718SWRLCP02SMRL,1718,2017-12-10,Biathlon Stadium Hochfilzen,RL,Relay,Men,TRUE,2,Emilien JACQUELIN,0+0 0+3,3,3,0,3,0,3,NA,NA,0,0,NA,NA
BT1718SWRLCP04SMSP,1718,2018-01-05,DKB Ski Arena,SP,Sprint,Men,FALSE,2,Emilien JACQUELIN,1+0,54,1,1,0,1,0,NA,NA,1,0,NA,NA
BT1718SWRLCP04SMPU,1718,2018-01-06,DKB Ski Arena,PU,Pursuit,Men,FALSE,4,Emilien JACQUELIN,1+2+1+0,43,4,4,0,1,2,1,0,1,2,1,0
BT1718SWRLCP04SMRL,1718,2018-01-07,DKB Ski Arena,RL,Relay,Men,TRUE,2,Emilien JACQUELIN,0+0 1+3,5,4,1,3,0,4,NA,NA,0,1,NA,NA
BT1718SWRLCP05SMIN,1718,2018-01-10,Chiemgau Arena,IN,Individual,Men,FALSE,4,Emilien JACQUELIN,2+1+0+0,64,3,0,0,2,1,0,0,0,0,0,0
BT1718SWRLCP06SMSP,1718,2018-01-19,Suedtirol Arena,SP,Sprint,Men,FALSE,2,Emilien JACQUELIN,0+0,5,0,0,0,0,0,NA,NA,0,0,NA,NA
BT1718SWRLCP06SMPU,1718,2018-01-20,Suedtirol Arena,PU,Pursuit,Men,FALSE,4,Emilien JACQUELIN,0+1+0+1,6,2,2,0,0,1,0,1,0,1,0,1
BT1718SWRLCP06SMMS,1718,2018-01-21,Suedtirol Arena,MS,Mass Start,Men,FALSE,4,Emilien JACQUELIN,3+0+1+3,28,7,7,0,3,0,1,3,3,0,1,3
BT1718SWRLOG__SMIN,1718,2018-02-15,Alpensia Biathlon Centre,IN,Individual,Men,FALSE,4,Emilien JACQUELIN,2+2+2+1,77,7,0,0,2,2,2,1,0,0,0,0
BT1718SWRLOG__SMRL,1718,2018-02-23,Alpensia Biathlon Centre,RL,Relay,Men,TRUE,2,Emilien JACQUELIN,0+0 0+1,5,1,0,1,0,1,NA,NA,0,0,NA,NA
BT1718SWRLCP07SMSP,1718,2018-03-08,Biathlon Stadium Kontiolahti,SP,Sprint,Men,FALSE,2,Emilien JACQUELIN,2+2,80,4,4,0,2,2,NA,NA,2,2,NA,NA
BT1718SWRLCP08SMSP,1718,2018-03-15,Holmenkollen,SP,Sprint,Men,FALSE,2,Emilien JACQUELIN,1+2,63,3,3,0,1,2,NA,NA,1,2,NA,NA
BT1718SWRLCP08SMRL,1718,2018-03-18,Holmenkollen,RL,Relay,Men,TRUE,2,Emilien JACQUELIN,0+2 0+1,6,3,0,3,2,1,NA,NA,0,0,NA,NA
BT1718SWRLCP09SMSP,1718,2018-03-22,Pearl of Siberia,SP,Sprint,Men,FALSE,2,Emilien JACQUELIN,1+1,44,2,2,0,1,1,NA,NA,1,1,NA,NA
BT1718SWRLCP09SMPU,1718,2018-03-24,Pearl of Siberia,PU,Pursuit,Men,FALSE,4,Emilien JACQUELIN,1+1+1+0,35,3,3,0,1,1,1,0,1,1,1,0
BT1819SWRLCP01SMIN,1819,2018-12-06,Sports Centre Triglav,IN,Individual,Men,FALSE,4,Emilien JACQUELIN,0+1+1+0,28,2,0,0,0,1,1,0,0,0,0,0
BT1819SWRLCP01SMSP,1819,2018-12-07,Sports Centre Triglav,SP,Sprint,Men,FALSE,2,Emilien JACQUELIN,0+2,36,2,2,0,0,2,NA,NA,0,2,NA,NA
BT1819SWRLCP01SMPU,1819,2018-12-09,Sports Centre Triglav,PU,Pursuit,Men,FALSE,4,Emilien JACQUELIN,0+0+1+0,16,1,1,0,0,0,1,0,0,0,1,0
BT1819SWRLCP02SMSP,1819,2018-12-14,Biathlon Stadium Hochfilzen,SP,Sprint,Men,FALSE,2,Emilien JACQUELIN,0+2,24,2,2,0,0,2,NA,NA,0,2,NA,NA
BT1819SWRLCP02SMPU,1819,2018-12-15,Biathlon Stadium Hochfilzen,PU,Pursuit,Men,FALSE,4,Emilien JACQUELIN,1+0+1+2,27,4,4,0,1,0,1,2,1,0,1,2
BT1819SWRLCP02SMRL,1819,2018-12-16,Biathlon Stadium Hochfilzen,RL,Relay,Men,TRUE,2,Emilien JACQUELIN,0+1 0+3,9,4,0,4,1,3,NA,NA,0,0,NA,NA
BT1819SWRLCP03SMSP,1819,2018-12-20,Vysocina Arena,SP,Sprint,Men,FALSE,2,Emilien JACQUELIN,1+0,45,1,1,0,1,0,NA,NA,1,0,NA,NA
BT1819SWRLCP03SMPU,1819,2018-12-22,Vysocina Arena,PU,Pursuit,Men,FALSE,4,Emilien JACQUELIN,2+1+2+3,56,8,8,0,2,1,2,3,2,1,2,3
BT1819SWRLCP04SMSP,1819,2019-01-11,Rennsteig Arena,SP,Sprint,Men,FALSE,2,Emilien JACQUELIN,0+1,24,1,1,0,0,1,NA,NA,0,1,NA,NA
BT1819SWRLCP04SMPU,1819,2019-01-12,Rennsteig Arena,PU,Pursuit,Men,FALSE,4,Emilien JACQUELIN,1+1+0+0,15,2,2,0,1,1,0,0,1,1,0,0
BT1819SWRLCP05SMSP,1819,2019-01-17,Chiemgau Arena,SP,Sprint,Men,FALSE,2,Emilien JACQUELIN,1+0,9,1,1,0,1,0,NA,NA,1,0,NA,NA
BT1819SWRLCP05SMRL,1819,2019-01-18,Chiemgau Arena,RL,Relay,Men,TRUE,2,Emilien JACQUELIN,0+1 0+1,3,2,0,2,1,1,NA,NA,0,0,NA,NA
BT1819SWRLCP05SMMS,1819,2019-01-20,Chiemgau Arena,MS,Mass Start,Men,FALSE,4,Emilien JACQUELIN,1+1+1+0,19,3,3,0,1,1,1,0,1,1,1,0
BT1819SWRLCP06SMSP,1819,2019-01-25,Suedtirol Arena,SP,Sprint,Men,FALSE,2,Emilien JACQUELIN,1+1,25,2,2,0,1,1,NA,NA,1,1,NA,NA
BT1819SWRLCP06SMPU,1819,2019-01-26,Suedtirol Arena,PU,Pursuit,Men,FALSE,4,Emilien JACQUELIN,1+0+1+2,16,4,4,0,1,0,1,2,1,0,1,2
BT1819SWRLCP06SMMS,1819,2019-01-27,Suedtirol Arena,MS,Mass Start,Men,FALSE,4,Emilien JACQUELIN,1+0+0+1,9,2,2,0,1,0,0,1,1,0,0,1
BT1819SWRLCP07SMIN,1819,2019-02-07,Nordic Centre,SI,SI,Men,FALSE,4,Emilien JACQUELIN,1+1+1+0,28,3,0,0,1,1,1,0,0,0,0,0
BT1819SWRLCP07SMRL,1819,2019-02-08,Nordic Centre,RL,Relay,Men,TRUE,2,Emilien JACQUELIN,0+0 0+1,2,1,0,1,0,1,NA,NA,0,0,NA,NA
BT1819SWRLCP08SMSP,1819,2019-02-15,Soldier Hollow Nordic Center,SP,Sprint,Men,FALSE,2,Emilien JACQUELIN,0+3,35,3,3,0,0,3,NA,NA,0,3,NA,NA
BT1819SWRLCP08SMPU,1819,2019-02-16,Soldier Hollow Nordic Center,PU,Pursuit,Men,FALSE,4,Emilien JACQUELIN,0+3+2+2,30,7,7,0,0,3,2,2,0,3,2,2
BT1819SWRLCH__SMSP,1819,2019-03-09,Swedish National Biathlon Arena,SP,Sprint,Men,FALSE,2,Emilien JACQUELIN,1+0,24,1,1,0,1,0,NA,NA,1,0,NA,NA
BT1819SWRLCH__SMPU,1819,2019-03-10,Swedish National Biathlon Arena,PU,Pursuit,Men,FALSE,4,Emilien JACQUELIN,2+0+1+0,29,3,3,0,2,0,1,0,2,0,1,0
BT1819SWRLCP09SMSP,1819,2019-03-22,Holmenkollen,SP,Sprint,Men,FALSE,2,Emilien JACQUELIN,0+2,19,2,2,0,0,2,NA,NA,0,2,NA,NA
BT1819SWRLCP09SMPU,1819,2019-03-23,Holmenkollen,PU,Pursuit,Men,FALSE,4,Emilien JACQUELIN,1+0+3+1,26,5,5,0,1,0,3,1,1,0,3,1
BT1819SWRLCP09SMMS,1819,2019-03-24,Holmenkollen,MS,Mass Start,Men,FALSE,4,Emilien JACQUELIN,1+1+2+1,25,5,5,0,1,1,2,1,1,1,2,1
BT1920SWRLCP01SMSP,1920,2019-12-01,Swedish National Biathlon Arena,SP,Sprint,Men,FALSE,2,Emilien JACQUELIN,1+1,11,2,2,0,1,1,NA,NA,1,1,NA,NA
BT1920SWRLCP01SMIN,1920,2019-12-04,Swedish National Biathlon Arena,IN,Individual,Men,FALSE,4,Emilien JACQUELIN,0+1+0+1,4,2,0,0,0,1,0,1,0,0,0,0
BT1920SWRLCP01SMRL,1920,2019-12-07,Swedish National Biathlon Arena,RL,Relay,Men,TRUE,2,Emilien JACQUELIN,0+0 0+1,2,1,0,1,0,1,NA,NA,0,0,NA,NA
BT1920SWRLCP02SMSP,1920,2019-12-13,Biathlon Stadium,SP,Sprint,Men,FALSE,2,Emilien JACQUELIN,0+2,18,2,2,0,0,2,NA,NA,0,2,NA,NA
BT1920SWRLCP02SMPU,1920,2019-12-14,Biathlon Stadium,PU,Pursuit,Men,FALSE,4,Emilien JACQUELIN,0+0+0+0,3,0,0,0,0,0,0,0,0,0,0,0
BT1920SWRLCP02SMRL,1920,2019-12-15,Biathlon Stadium,RL,Relay,Men,TRUE,2,Emilien JACQUELIN,0+0 0+2,3,2,0,2,0,2,NA,NA,0,0,NA,NA
BT1920SWRLCP03SMSP,1920,2019-12-19,Biathlon Stadium Sylvie Becaert,SP,Sprint,Men,FALSE,2,Emilien JACQUELIN,0+2,20,2,2,0,0,2,NA,NA,0,2,NA,NA
BT1920SWRLCP03SMPU,1920,2019-12-21,Biathlon Stadium Sylvie Becaert,PU,Pursuit,Men,FALSE,4,Emilien JACQUELIN,0+0+1+1,6,2,2,0,0,0,1,1,0,0,1,1
BT1920SWRLCP03SMMS,1920,2019-12-22,Biathlon Stadium Sylvie Becaert,MS,Mass Start,Men,FALSE,4,Emilien JACQUELIN,0+0+1+0,2,1,1,0,0,0,1,0,0,0,1,0
BT1920SWRLCP04SMSP,1920,2020-01-10,Rennsteig Arena,SP,Sprint,Men,FALSE,2,Emilien JACQUELIN,0+1,2,1,1,0,0,1,NA,NA,0,1,NA,NA
BT1920SWRLCP04SMRL,1920,2020-01-11,Rennsteig Arena,RL,Relay,Men,TRUE,2,Emilien JACQUELIN,0+1 2+3,2,6,2,4,1,5,NA,NA,0,2,NA,NA
BT1920SWRLCP04SMMS,1920,2020-01-12,Rennsteig Arena,MS,Mass Start,Men,FALSE,4,Emilien JACQUELIN,3+2+3+1,30,9,9,0,3,2,3,1,3,2,3,1
BT1920SWRLCP05SMSP,1920,2020-01-16,Chiemgau Arena,SP,Sprint,Men,FALSE,2,Emilien JACQUELIN,0+1,12,1,1,0,0,1,NA,NA,0,1,NA,NA
BT1920SWRLCP05SMRL,1920,2020-01-18,Chiemgau Arena,RL,Relay,Men,TRUE,2,Emilien JACQUELIN,0+0 0+1,1,1,0,1,0,1,NA,NA,0,0,NA,NA
BT1920SWRLCP05SMPU,1920,2020-01-19,Chiemgau Arena,PU,Pursuit,Men,FALSE,4,Emilien JACQUELIN,0+1+1+1,6,3,3,0,0,1,1,1,0,1,1,1
BT1920SWRLCP06SMIN,1920,2020-01-23,Sports Centre Triglav,IN,Individual,Men,FALSE,4,Emilien JACQUELIN,2+0+1+0,32,3,0,0,2,0,1,0,0,0,0,0
BT1920SWRLCP06MXSR,1920,2020-01-25,Sports Centre Triglav,SR,Single Mixed Relay,Mixed,TRUE,2,Emilien JACQUELIN,0+0 0+0,1,0,0,0,0,0,NA,NA,0,0,NA,NA
BT1920SWRLCP06MXSR,1920,2020-01-25,Sports Centre Triglav,SR,Single Mixed Relay,Mixed,TRUE,2,Emilien JACQUELIN,0+1 0+2,1,3,0,3,1,2,NA,NA,0,0,NA,NA
BT1920SWRLCP06SMMS,1920,2020-01-26,Sports Centre Triglav,MS,Mass Start,Men,FALSE,4,Emilien JACQUELIN,2+1+2+0,25,5,5,0,2,1,2,0,2,1,2,0
BT1920SWRLCH__SMSP,1920,2020-02-15,SUEDTIROL ARENA ALTO ADIGE,SP,Sprint,Men,FALSE,2,Emilien JACQUELIN,0+1,6,1,1,0,0,1,NA,NA,0,1,NA,NA
BT1920SWRLCH__SMPU,1920,2020-02-16,SUEDTIROL ARENA ALTO ADIGE,PU,Pursuit,Men,FALSE,4,Emilien JACQUELIN,0+0+0+0,1,0,0,0,0,0,0,0,0,0,0,0
BT1920SWRLCH__MXSR,1920,2020-02-20,SUEDTIROL ARENA ALTO ADIGE,SR,Single Mixed Relay,Mixed,TRUE,2,Emilien JACQUELIN,0+2 0+1,3,3,0,3,2,1,NA,NA,0,0,NA,NA
BT1920SWRLCH__MXSR,1920,2020-02-20,SUEDTIROL ARENA ALTO ADIGE,SR,Single Mixed Relay,Mixed,TRUE,2,Emilien JACQUELIN,0+0 0+0,3,0,0,0,0,0,NA,NA,0,0,NA,NA
BT1920SWRLCH__SMRL,1920,2020-02-22,SUEDTIROL ARENA ALTO ADIGE,RL,Relay,Men,TRUE,2,Emilien JACQUELIN,0+0 0+1,1,1,0,1,0,1,NA,NA,0,0,NA,NA
BT1920SWRLCH__SMMS,1920,2020-02-23,SUEDTIROL ARENA ALTO ADIGE,MS,Mass Start,Men,FALSE,4,Emilien JACQUELIN,1+0+1+0,3,2,2,0,1,0,1,0,1,0,1,0
BT1920SWRLCP07SMSP,1920,2020-03-06,VYSOCINA ARENA,SP,Sprint,Men,FALSE,2,Emilien JACQUELIN,1+0,10,1,1,0,1,0,NA,NA,1,0,NA,NA
BT1920SWRLCP07SMSP,1920,2020-03-06,VYSOCINA ARENA,SP,Sprint,Men,FALSE,2,Sturla Holm LAEGREID,0+0,13,0,0,0,0,0,NA,NA,0,0,NA,NA
BT1920SWRLCP07SMRL,1920,2020-03-07,VYSOCINA ARENA,RL,Relay,Men,TRUE,2,Emilien JACQUELIN,0+2 1+2,15,5,1,4,2,3,NA,NA,0,1,NA,NA
BT1920SWRLCP07SMMS,1920,2020-03-08,VYSOCINA ARENA,MS,Mass Start,Men,FALSE,4,Emilien JACQUELIN,0+0+0+0,2,0,0,0,0,0,0,0,0,0,0,0
BT1920SWRLCP07SMMS,1920,2020-03-08,VYSOCINA ARENA,MS,Mass Start,Men,FALSE,4,Sturla Holm LAEGREID,0+0+1+0,15,1,1,0,0,0,1,0,0,0,1,0
BT1920SWRLCP08SMSP,1920,2020-03-12,Biathlon Stadium,SP,Sprint,Men,FALSE,2,Emilien JACQUELIN,0+0,3,0,0,0,0,0,NA,NA,0,0,NA,NA
BT1920SWRLCP08SMSP,1920,2020-03-12,Biathlon Stadium,SP,Sprint,Men,FALSE,2,Sturla Holm LAEGREID,0+0,10,0,0,0,0,0,NA,NA,0,0,NA,NA
BT1920SWRLCP08SMPU,1920,2020-03-14,Biathlon Stadium,PU,Pursuit,Men,FALSE,4,Emilien JACQUELIN,0+0+1+3,3,4,4,0,0,0,1,3,0,0,1,3
BT1920SWRLCP08SMPU,1920,2020-03-14,Biathlon Stadium,PU,Pursuit,Men,FALSE,4,Sturla Holm LAEGREID,0+0+0+0,11,0,0,0,0,0,0,0,0,0,0,0
BT2021SWRLCP01SMIN,2021,2020-11-28,Biathlon Stadium Kontiolahti,IN,Individual,Men,FALSE,4,Sturla Holm LAEGREID,0+0+0+0,1,0,0,0,0,0,0,0,0,0,0,0
BT2021SWRLCP01SMIN,2021,2020-11-28,Biathlon Stadium Kontiolahti,IN,Individual,Men,FALSE,4,Emilien JACQUELIN,1+1+0+0,8,2,0,0,1,1,0,0,0,0,0,0
BT2021SWRLCP01SMSP,2021,2020-11-29,Biathlon Stadium Kontiolahti,SP,Sprint,Men,FALSE,2,Emilien JACQUELIN,0+2,8,2,2,0,0,2,NA,NA,0,2,NA,NA
BT2021SWRLCP01SMSP,2021,2020-11-29,Biathlon Stadium Kontiolahti,SP,Sprint,Men,FALSE,2,Sturla Holm LAEGREID,0+1,18,1,1,0,0,1,NA,NA,0,1,NA,NA
BT2021SWRLCP02SMSP,2021,2020-12-03,Biathlon Stadium Kontiolahti,SP,Sprint,Men,FALSE,2,Sturla Holm LAEGREID,1+1,22,2,2,0,1,1,NA,NA,1,1,NA,NA
BT2021SWRLCP02SMSP,2021,2020-12-03,Biathlon Stadium Kontiolahti,SP,Sprint,Men,FALSE,2,Emilien JACQUELIN,1+2,39,3,3,0,1,2,NA,NA,1,2,NA,NA
BT2021SWRLCP02SMPU,2021,2020-12-05,Biathlon Stadium Kontiolahti,PU,Pursuit,Men,FALSE,4,Sturla Holm LAEGREID,0+1+0+0,4,1,1,0,0,1,0,0,0,1,0,0
BT2021SWRLCP02SMPU,2021,2020-12-05,Biathlon Stadium Kontiolahti,PU,Pursuit,Men,FALSE,4,Emilien JACQUELIN,0+0+0+2,8,2,2,0,0,0,0,2,0,0,0,2
BT2021SWRLCP02SMRL,2021,2020-12-06,Biathlon Stadium Kontiolahti,RL,Relay,Men,TRUE,2,Sturla Holm LAEGREID,0+0 0+2,1,2,0,2,0,2,NA,NA,0,0,NA,NA
BT2021SWRLCP02SMRL,2021,2020-12-06,Biathlon Stadium Kontiolahti,RL,Relay,Men,TRUE,2,Emilien JACQUELIN,0+0 3+3,8,6,3,3,0,6,NA,NA,0,3,NA,NA
BT2021SWRLCP03SMSP,2021,2020-12-11,Biathlon Stadium Hochfilzen,SP,Sprint,Men,FALSE,2,Emilien JACQUELIN,1+1,6,2,2,0,1,1,NA,NA,1,1,NA,NA
BT2021SWRLCP03SMSP,2021,2020-12-11,Biathlon Stadium Hochfilzen,SP,Sprint,Men,FALSE,2,Sturla Holm LAEGREID,0+1,9,1,1,0,0,1,NA,NA,0,1,NA,NA
BT2021SWRLCP03SMPU,2021,2020-12-12,Biathlon Stadium Hochfilzen,PU,Pursuit,Men,FALSE,4,Emilien JACQUELIN,0+0+0+0,2,0,0,0,0,0,0,0,0,0,0,0
BT2021SWRLCP03SMPU,2021,2020-12-12,Biathlon Stadium Hochfilzen,PU,Pursuit,Men,FALSE,4,Sturla Holm LAEGREID,0+0+1+0,6,1,1,0,0,0,1,0,0,0,1,0
BT2021SWRLCP03SMRL,2021,2020-12-13,Biathlon Stadium Hochfilzen,RL,Relay,Men,TRUE,2,Sturla Holm LAEGREID,0+0 0+2,2,2,0,2,0,2,NA,NA,0,0,NA,NA
BT2021SWRLCP03SMRL,2021,2020-12-13,Biathlon Stadium Hochfilzen,RL,Relay,Men,TRUE,2,Emilien JACQUELIN,0+0 2+3,6,5,2,3,0,5,NA,NA,0,2,NA,NA
BT2021SWRLCP04SMSP,2021,2020-12-17,Biathlon Stadium Hochfilzen,SP,Sprint,Men,FALSE,2,Sturla Holm LAEGREID,0+0,1,0,0,0,0,0,NA,NA,0,0,NA,NA
BT2021SWRLCP04SMSP,2021,2020-12-17,Biathlon Stadium Hochfilzen,SP,Sprint,Men,FALSE,2,Emilien JACQUELIN,0+1,8,1,1,0,0,1,NA,NA,0,1,NA,NA
BT2021SWRLCP04SMPU,2021,2020-12-19,Biathlon Stadium Hochfilzen,PU,Pursuit,Men,FALSE,4,Sturla Holm LAEGREID,0+0+1+0,1,1,1,0,0,0,1,0,0,0,1,0
BT2021SWRLCP04SMPU,2021,2020-12-19,Biathlon Stadium Hochfilzen,PU,Pursuit,Men,FALSE,4,Emilien JACQUELIN,0+0+0+0,2,0,0,0,0,0,0,0,0,0,0,0
BT2021SWRLCP04SMMS,2021,2020-12-20,Biathlon Stadium Hochfilzen,MS,Mass Start,Men,FALSE,4,Emilien JACQUELIN,1+0+1+0,5,2,2,0,1,0,1,0,1,0,1,0
BT2021SWRLCP04SMMS,2021,2020-12-20,Biathlon Stadium Hochfilzen,MS,Mass Start,Men,FALSE,4,Sturla Holm LAEGREID,0+0+0+1,6,1,1,0,0,0,0,1,0,0,0,1
BT2021SWRLCP05SMSP,2021,2021-01-08,ARENA am Rennsteig,SP,Sprint,Men,FALSE,2,Sturla Holm LAEGREID,0+0,3,0,0,0,0,0,NA,NA,0,0,NA,NA
BT2021SWRLCP05SMSP,2021,2021-01-08,ARENA am Rennsteig,SP,Sprint,Men,FALSE,2,Emilien JACQUELIN,1+1,14,2,2,0,1,1,NA,NA,1,1,NA,NA
BT2021SWRLCP05SMPU,2021,2021-01-09,ARENA am Rennsteig,PU,Pursuit,Men,FALSE,4,Sturla Holm LAEGREID,0+1+0+1,1,2,2,0,0,1,0,1,0,1,0,1
BT2021SWRLCP05SMPU,2021,2021-01-09,ARENA am Rennsteig,PU,Pursuit,Men,FALSE,4,Emilien JACQUELIN,1+1+1+1,13,4,4,0,1,1,1,1,1,1,1,1
BT2021SWRLCP05MXRL,2021,2021-01-10,ARENA am Rennsteig,RL,Relay,Mixed,TRUE,2,Sturla Holm LAEGREID,0+1 0+1,2,2,0,2,1,1,NA,NA,0,0,NA,NA
BT2021SWRLCP05MXSR,2021,2021-01-10,ARENA am Rennsteig,SR,Single Mixed Relay,Mixed,TRUE,2,Emilien JACQUELIN,0+0 0+0,1,0,0,0,0,0,NA,NA,0,0,NA,NA
BT2021SWRLCP05MXSR,2021,2021-01-10,ARENA am Rennsteig,SR,Single Mixed Relay,Mixed,TRUE,2,Emilien JACQUELIN,0+0 0+0,1,0,0,0,0,0,NA,NA,0,0,NA,NA
BT2021SWRLCP06SMSP,2021,2021-01-13,ARENA am Rennsteig,SP,Sprint,Men,FALSE,2,Sturla Holm LAEGREID,0+0,2,0,0,0,0,0,NA,NA,0,0,NA,NA
BT2021SWRLCP06SMSP,2021,2021-01-13,ARENA am Rennsteig,SP,Sprint,Men,FALSE,2,Emilien JACQUELIN,1+0,13,1,1,0,1,0,NA,NA,1,0,NA,NA
BT2021SWRLCP06SMRL,2021,2021-01-15,ARENA am Rennsteig,RL,Relay,Men,TRUE,2,Emilien JACQUELIN,0+1 0+1,1,2,0,2,1,1,NA,NA,0,0,NA,NA
BT2021SWRLCP06SMMS,2021,2021-01-17,ARENA am Rennsteig,MS,Mass Start,Men,FALSE,4,Sturla Holm LAEGREID,0+0+2+0,12,2,2,0,0,0,2,0,0,0,2,0
BT2021SWRLCP06SMMS,2021,2021-01-17,ARENA am Rennsteig,MS,Mass Start,Men,FALSE,4,Emilien JACQUELIN,0+0+1+0,14,1,1,0,0,0,1,0,0,0,1,0
BT2021SWRLCP07SMIN,2021,2021-01-22,Suedtirol Arena Alto Adige,IN,Individual,Men,FALSE,4,Sturla Holm LAEGREID,0+1+1+0,2,2,0,0,0,1,1,0,0,0,0,0
BT2021SWRLCP07SMIN,2021,2021-01-22,Suedtirol Arena Alto Adige,IN,Individual,Men,FALSE,4,Emilien JACQUELIN,0+1+0+3,25,4,0,0,0,1,0,3,0,0,0,0
BT2021SWRLCP07SMRL,2021,2021-01-23,Suedtirol Arena Alto Adige,RL,Relay,Men,TRUE,2,Emilien JACQUELIN,0+1 0+0,1,1,0,1,1,0,NA,NA,0,0,NA,NA
BT2021SWRLCP07SMRL,2021,2021-01-23,Suedtirol Arena Alto Adige,RL,Relay,Men,TRUE,2,Sturla Holm LAEGREID,0+2 0+0,2,2,0,2,2,0,NA,NA,0,0,NA,NA
BT2021SWRLCP07SMMS,2021,2021-01-24,Suedtirol Arena Alto Adige,MS,Mass Start,Men,FALSE,4,Emilien JACQUELIN,1+1+2+1,11,5,5,0,1,1,2,1,1,1,2,1
BT2021SWRLCP07SMMS,2021,2021-01-24,Suedtirol Arena Alto Adige,MS,Mass Start,Men,FALSE,4,Sturla Holm LAEGREID,0+0+2+1,14,3,3,0,0,0,2,1,0,0,2,1
BT2021SWRLCH__MXRL,2021,2021-02-10,Sports Centre Triglav Pokljuka,RL,Relay,Mixed,TRUE,2,Sturla Holm LAEGREID,0+0 0+1,1,1,0,1,0,1,NA,NA,0,0,NA,NA
BT2021SWRLCH__MXRL,2021,2021-02-10,Sports Centre Triglav Pokljuka,RL,Relay,Mixed,TRUE,2,Emilien JACQUELIN,0+2 0+0,5,2,0,2,2,0,NA,NA,0,0,NA,NA
BT2021SWRLCH__SMSP,2021,2021-02-12,Sports Centre Triglav Pokljuka,SP,Sprint,Men,FALSE,2,Emilien JACQUELIN,1+0,3,1,1,0,1,0,NA,NA,1,0,NA,NA
BT2021SWRLCH__SMSP,2021,2021-02-12,Sports Centre Triglav Pokljuka,SP,Sprint,Men,FALSE,2,Sturla Holm LAEGREID,0+0,7,0,0,0,0,0,NA,NA,0,0,NA,NA
BT2021SWRLCH__SMPU,2021,2021-02-14,Sports Centre Triglav Pokljuka,PU,Pursuit,Men,FALSE,4,Emilien JACQUELIN,0+0+0+0,1,0,0,0,0,0,0,0,0,0,0,0
BT2021SWRLCH__SMPU,2021,2021-02-14,Sports Centre Triglav Pokljuka,PU,Pursuit,Men,FALSE,4,Sturla Holm LAEGREID,0+0+1+0,6,1,1,0,0,0,1,0,0,0,1,0
BT2021SWRLCH__SMIN,2021,2021-02-17,Sports Centre Triglav Pokljuka,IN,Individual,Men,FALSE,4,Sturla Holm LAEGREID,0+0+0+0,1,0,0,0,0,0,0,0,0,0,0,0
BT2021SWRLCH__SMIN,2021,2021-02-17,Sports Centre Triglav Pokljuka,IN,Individual,Men,FALSE,4,Emilien JACQUELIN,1+0+1+0,13,2,0,0,1,0,1,0,0,0,0,0
BT2021SWRLCH__SMRL,2021,2021-02-20,Sports Centre Triglav Pokljuka,RL,Relay,Men,TRUE,2,Sturla Holm LAEGREID,0+1 0+1,1,2,0,2,1,1,NA,NA,0,0,NA,NA
BT2021SWRLCH__SMRL,2021,2021-02-20,Sports Centre Triglav Pokljuka,RL,Relay,Men,TRUE,2,Emilien JACQUELIN,0+0 0+3,4,3,0,3,0,3,NA,NA,0,0,NA,NA
BT2021SWRLCH__SMMS,2021,2021-02-21,Sports Centre Triglav Pokljuka,MS,Mass Start,Men,FALSE,4,Sturla Holm LAEGREID,0+0+0+1,1,1,1,0,0,0,0,1,0,0,0,1
BT2021SWRLCH__SMMS,2021,2021-02-21,Sports Centre Triglav Pokljuka,MS,Mass Start,Men,FALSE,4,Emilien JACQUELIN,0+5+0+0,29,5,5,0,0,5,0,0,0,5,0,0
BT2021SWRLCP08SMRL,2021,2021-03-05,Vysocina Arena,RL,Relay,Men,TRUE,2,Sturla Holm LAEGREID,0+0 0+0,3,0,0,0,0,0,NA,NA,0,0,NA,NA
BT2021SWRLCP08SMRL,2021,2021-03-05,Vysocina Arena,RL,Relay,Men,TRUE,2,Emilien JACQUELIN,4+3 0+0,5,7,4,3,7,0,NA,NA,4,0,NA,NA
BT2021SWRLCP08SMSP,2021,2021-03-06,Vysocina Arena,SP,Sprint,Men,FALSE,2,Sturla Holm LAEGREID,0+1,4,1,1,0,0,1,NA,NA,0,1,NA,NA
BT2021SWRLCP08SMSP,2021,2021-03-06,Vysocina Arena,SP,Sprint,Men,FALSE,2,Emilien JACQUELIN,0+1,8,1,1,0,0,1,NA,NA,0,1,NA,NA
BT2021SWRLCP08SMPU,2021,2021-03-07,Vysocina Arena,PU,Pursuit,Men,FALSE,4,Sturla Holm LAEGREID,1+1+0+0,5,2,2,0,1,1,0,0,1,1,0,0
BT2021SWRLCP08SMPU,2021,2021-03-07,Vysocina Arena,PU,Pursuit,Men,FALSE,4,Emilien JACQUELIN,0+0+0+1,7,1,1,0,0,0,0,1,0,0,0,1
BT2021SWRLCP09SMSP,2021,2021-03-11,Vysocina Arena,SP,Sprint,Men,FALSE,2,Emilien JACQUELIN,0+0,4,0,0,0,0,0,NA,NA,0,0,NA,NA
BT2021SWRLCP09SMSP,2021,2021-03-11,Vysocina Arena,SP,Sprint,Men,FALSE,2,Sturla Holm LAEGREID,0+1,5,1,1,0,0,1,NA,NA,0,1,NA,NA
BT2021SWRLCP09SMPU,2021,2021-03-13,Vysocina Arena,PU,Pursuit,Men,FALSE,4,Emilien JACQUELIN,0+0+1+0,3,1,1,0,0,0,1,0,0,0,1,0
BT2021SWRLCP09SMPU,2021,2021-03-13,Vysocina Arena,PU,Pursuit,Men,FALSE,4,Sturla Holm LAEGREID,0+0+1+1,4,2,2,0,0,0,1,1,0,0,1,1
BT2021SWRLCP09MXSR,2021,2021-03-14,Vysocina Arena,SR,Single Mixed Relay,Mixed,TRUE,2,Sturla Holm LAEGREID,0+0 0+1,2,1,0,1,0,1,NA,NA,0,0,NA,NA
BT2021SWRLCP09MXSR,2021,2021-03-14,Vysocina Arena,SR,Single Mixed Relay,Mixed,TRUE,2,Sturla Holm LAEGREID,0+1 0+0,2,1,0,1,1,0,NA,NA,0,0,NA,NA
BT2021SWRLCP10SMSP,2021,2021-03-19,Swedish National Biathlon Arena,SP,Sprint,Men,FALSE,2,Sturla Holm LAEGREID,0+0,6,0,0,0,0,0,NA,NA,0,0,NA,NA
BT2021SWRLCP10SMSP,2021,2021-03-19,Swedish National Biathlon Arena,SP,Sprint,Men,FALSE,2,Emilien JACQUELIN,0+2,24,2,2,0,0,2,NA,NA,0,2,NA,NA
BT2021SWRLCP10SMPU,2021,2021-03-20,Swedish National Biathlon Arena,PU,Pursuit,Men,FALSE,4,Sturla Holm LAEGREID,1+0+1+0,1,2,2,0,1,0,1,0,1,0,1,0
BT2021SWRLCP10SMPU,2021,2021-03-20,Swedish National Biathlon Arena,PU,Pursuit,Men,FALSE,4,Emilien JACQUELIN,0+0+2+3,14,5,5,0,0,0,2,3,0,0,2,3
BT2021SWRLCP10SMMS,2021,2021-03-21,Swedish National Biathlon Arena,MS,Mass Start,Men,FALSE,4,Sturla Holm LAEGREID,0+1+1+2,8,4,4,0,0,1,1,2,0,1,1,2
BT2021SWRLCP10SMMS,2021,2021-03-21,Swedish National Biathlon Arena,MS,Mass Start,Men,FALSE,4,Emilien JACQUELIN,2+2+0+0,14,4,4,0,2,2,0,0,2,2,0,0
BT2122SWRLCP01SMIN,2122,2021-11-27,Swedish National Biathlon Arena,IN,Individual,Men,FALSE,4,Sturla Holm LAEGREID,0+0+0+0,1,0,0,0,0,0,0,0,0,0,0,0
BT2122SWRLCP01SMIN,2122,2021-11-27,Swedish National Biathlon Arena,IN,Individual,Men,FALSE,4,Emilien JACQUELIN,1+3+1+1,35,6,0,0,1,3,1,1,0,0,0,0
BT2122SWRLCP01SMSP,2122,2021-11-28,Swedish National Biathlon Arena,SP,Sprint,Men,FALSE,2,Emilien JACQUELIN,0+1,4,1,1,0,0,1,NA,NA,0,1,NA,NA
BT2122SWRLCP01SMSP,2122,2021-11-28,Swedish National Biathlon Arena,SP,Sprint,Men,FALSE,2,Sturla Holm LAEGREID,0+1,37,1,1,0,0,1,NA,NA,0,1,NA,NA
BT2122SWRLCP02SMSP,2122,2021-12-02,Swedish National Biathlon Arena,SP,Sprint,Men,FALSE,2,Emilien JACQUELIN,0+1,2,1,1,0,0,1,NA,NA,0,1,NA,NA
BT2122SWRLCP02SMSP,2122,2021-12-02,Swedish National Biathlon Arena,SP,Sprint,Men,FALSE,2,Sturla Holm LAEGREID,0+0,6,0,0,0,0,0,NA,NA,0,0,NA,NA
BT2122SWRLCP02SMRL,2122,2021-12-04,Swedish National Biathlon Arena,RL,Relay,Men,TRUE,2,Emilien JACQUELIN,0+3 0+2,2,5,0,5,3,2,NA,NA,0,0,NA,NA
BT2122SWRLCP02SMPU,2122,2021-12-05,Swedish National Biathlon Arena,PU,Pursuit,Men,FALSE,4,Emilien JACQUELIN,0+0+2+1,3,3,3,0,0,0,2,1,0,0,2,1
BT2122SWRLCP03SMSP,2122,2021-12-10,Biathlon Stadium Hochfilzen,SP,Sprint,Men,FALSE,2,Emilien JACQUELIN,0+1,6,1,1,0,0,1,NA,NA,0,1,NA,NA
BT2122SWRLCP03SMSP,2122,2021-12-10,Biathlon Stadium Hochfilzen,SP,Sprint,Men,FALSE,2,Sturla Holm LAEGREID,0+2,20,2,2,0,0,2,NA,NA,0,2,NA,NA
BT2122SWRLCP03SMPU,2122,2021-12-11,Biathlon Stadium Hochfilzen,PU,Pursuit,Men,FALSE,4,Emilien JACQUELIN,0+0+1+0,2,1,1,0,0,0,1,0,0,0,1,0
BT2122SWRLCP03SMPU,2122,2021-12-11,Biathlon Stadium Hochfilzen,PU,Pursuit,Men,FALSE,4,Sturla Holm LAEGREID,0+1+0+0,9,1,1,0,0,1,0,0,0,1,0,0
BT2122SWRLCP03SMRL,2122,2021-12-12,Biathlon Stadium Hochfilzen,RL,Relay,Men,TRUE,2,Sturla Holm LAEGREID,0+2 0+0,1,2,0,2,2,0,NA,NA,0,0,NA,NA
BT2122SWRLCP03SMRL,2122,2021-12-12,Biathlon Stadium Hochfilzen,RL,Relay,Men,TRUE,2,Emilien JACQUELIN,0+1 0+1,2,2,0,2,1,1,NA,NA,0,0,NA,NA
BT2122SWRLCP04SMSP,2122,2021-12-17,Le Grand-Bornand Biathlon Arena,SP,Sprint,Men,FALSE,2,Sturla Holm LAEGREID,0+0,5,0,0,0,0,0,NA,NA,0,0,NA,NA
BT2122SWRLCP04SMSP,2122,2021-12-17,Le Grand-Bornand Biathlon Arena,SP,Sprint,Men,FALSE,2,Emilien JACQUELIN,1+1,7,2,2,0,1,1,NA,NA,1,1,NA,NA
BT2122SWRLCP04SMPU,2122,2021-12-18,Le Grand-Bornand Biathlon Arena,PU,Pursuit,Men,FALSE,4,Sturla Holm LAEGREID,0+1+0+0,6,1,1,0,0,1,0,0,0,1,0,0
BT2122SWRLCP04SMPU,2122,2021-12-18,Le Grand-Bornand Biathlon Arena,PU,Pursuit,Men,FALSE,4,Emilien JACQUELIN,0+0+2+3,9,5,5,0,0,0,2,3,0,0,2,3
BT2122SWRLCP04SMMS,2122,2021-12-19,Le Grand-Bornand Biathlon Arena,MS,Mass Start,Men,FALSE,4,Emilien JACQUELIN,0+0+1+0,1,1,1,0,0,0,1,0,0,0,1,0
BT2122SWRLCP04SMMS,2122,2021-12-19,Le Grand-Bornand Biathlon Arena,MS,Mass Start,Men,FALSE,4,Sturla Holm LAEGREID,0+0+1+1,21,2,2,0,0,0,1,1,0,0,1,1
BT2122SWRLCP05SMSP,2122,2022-01-07,ARENA am Rennsteig,SP,Sprint,Men,FALSE,2,Emilien JACQUELIN,1+1,2,2,2,0,1,1,NA,NA,1,1,NA,NA
BT2122SWRLCP05SMSP,2122,2022-01-07,ARENA am Rennsteig,SP,Sprint,Men,FALSE,2,Sturla Holm LAEGREID,1+0,3,1,1,0,1,0,NA,NA,1,0,NA,NA
BT2122SWRLCP05SMPU,2122,2022-01-09,ARENA am Rennsteig,PU,Pursuit,Men,FALSE,4,Sturla Holm LAEGREID,0+2+2+0,4,4,4,0,0,2,2,0,0,2,2,0
BT2122SWRLCP05SMPU,2122,2022-01-09,ARENA am Rennsteig,PU,Pursuit,Men,FALSE,4,Emilien JACQUELIN,1+0+0+3,17,4,4,0,1,0,0,3,1,0,0,3
BT2122SWRLCP06SMSP,2122,2022-01-13,Chiemgau Arena,SP,Sprint,Men,FALSE,2,Emilien JACQUELIN,1+3,53,4,4,0,1,3,NA,NA,1,3,NA,NA
BT2122SWRLCP06SMRL,2122,2022-01-15,Chiemgau Arena,RL,Relay,Men,TRUE,2,Emilien JACQUELIN,0+0 0+0,5,0,0,0,0,0,NA,NA,0,0,NA,NA
BT2122SWRLCP06SMPU,2122,2022-01-16,Chiemgau Arena,PU,Pursuit,Men,FALSE,4,Emilien JACQUELIN,2+0+0+0,20,2,2,0,2,0,0,0,2,0,0,0
BT2122SWRLCP07SMIN,2122,2022-01-20,Suedtirol Arena Alto Adige,IN,Individual,Men,FALSE,4,Sturla Holm LAEGREID,0+1+0+2,5,3,0,0,0,1,0,2,0,0,0,0
BT2122SWRLCP07SMIN,2122,2022-01-20,Suedtirol Arena Alto Adige,IN,Individual,Men,FALSE,4,Emilien JACQUELIN,0+0+0+2,10,2,0,0,0,0,0,2,0,0,0,0
BT2122SWRLCP07SMMS,2122,2022-01-22,Suedtirol Arena Alto Adige,MS,Mass Start,Men,FALSE,4,Sturla Holm LAEGREID,0+2+0+1,3,3,3,0,0,2,0,1,0,2,0,1
BT2122SWRLCP07SMRL,2122,2022-01-23,Suedtirol Arena Alto Adige,RL,Relay,Men,TRUE,2,Sturla Holm LAEGREID,0+0 0+2,1,2,0,2,0,2,NA,NA,0,0,NA,NA
BT2122SWRLOG__MXRL,2122,2022-02-05,Biathlon Stadium,RL,Relay,Mixed,TRUE,2,Emilien JACQUELIN,0+0 2+3,2,5,2,3,0,5,NA,NA,0,2,NA,NA
BT2122SWRLOG__SMIN,2122,2022-02-08,Biathlon Stadium,IN,Individual,Men,FALSE,4,Sturla Holm LAEGREID,1+1+1+0,15,3,0,0,1,1,1,0,0,0,0,0
BT2122SWRLOG__SMIN,2122,2022-02-08,Biathlon Stadium,IN,Individual,Men,FALSE,4,Emilien JACQUELIN,0+3+2+2,72,7,0,0,0,3,2,2,0,0,0,0
BT2122SWRLOG__SMSP,2122,2022-02-12,Biathlon Stadium,SP,Sprint,Men,FALSE,2,Sturla Holm LAEGREID,1+1,7,2,2,0,1,1,NA,NA,1,1,NA,NA
BT2122SWRLOG__SMSP,2122,2022-02-12,Biathlon Stadium,SP,Sprint,Men,FALSE,2,Emilien JACQUELIN,1+1,9,2,2,0,1,1,NA,NA,1,1,NA,NA
BT2122SWRLOG__SMPU,2122,2022-02-13,Biathlon Stadium,PU,Pursuit,Men,FALSE,4,Emilien JACQUELIN,2+3+0+1,9,6,6,0,2,3,0,1,2,3,0,1
BT2122SWRLOG__SMPU,2122,2022-02-13,Biathlon Stadium,PU,Pursuit,Men,FALSE,4,Sturla Holm LAEGREID,3+2+4+1,24,10,10,0,3,2,4,1,3,2,4,1
BT2122SWRLOG__SMRL,2122,2022-02-15,Biathlon Stadium,RL,Relay,Men,TRUE,2,Sturla Holm LAEGREID,0+0 1+3,1,4,1,3,0,4,NA,NA,0,1,NA,NA
BT2122SWRLOG__SMRL,2122,2022-02-15,Biathlon Stadium,RL,Relay,Men,TRUE,2,Emilien JACQUELIN,0+1 0+0,2,1,0,1,1,0,NA,NA,0,0,NA,NA
BT2122SWRLOG__SMMS,2122,2022-02-18,Biathlon Stadium,MS,Mass Start,Men,FALSE,4,Sturla Holm LAEGREID,1+2+1+1,6,5,5,0,1,2,1,1,1,2,1,1
BT2122SWRLOG__SMMS,2122,2022-02-18,Biathlon Stadium,MS,Mass Start,Men,FALSE,4,Emilien JACQUELIN,2+1+0+2,22,5,5,0,2,1,0,2,2,1,0,2
BT2122SWRLCP08SMRL,2122,2022-03-04,Biathlon Stadium Kontiolahti,RL,Relay,Men,TRUE,2,Sturla Holm LAEGREID,0+1 0+1,1,2,0,2,1,1,NA,NA,0,0,NA,NA
BT2122SWRLCP08SMRL,2122,2022-03-04,Biathlon Stadium Kontiolahti,RL,Relay,Men,TRUE,2,Emilien JACQUELIN,0+0 0+1,3,1,0,1,0,1,NA,NA,0,0,NA,NA
BT2122SWRLCP08SMSP,2122,2022-03-05,Biathlon Stadium Kontiolahti,SP,Sprint,Men,FALSE,2,Emilien JACQUELIN,2+0,6,2,2,0,2,0,NA,NA,2,0,NA,NA
BT2122SWRLCP08SMSP,2122,2022-03-05,Biathlon Stadium Kontiolahti,SP,Sprint,Men,FALSE,2,Sturla Holm LAEGREID,1+2,22,3,3,0,1,2,NA,NA,1,2,NA,NA
BT2122SWRLCP08SMPU,2122,2022-03-06,Biathlon Stadium Kontiolahti,PU,Pursuit,Men,FALSE,4,Emilien JACQUELIN,0+0+1+1,4,2,2,0,0,0,1,1,0,0,1,1
BT2122SWRLCP08SMPU,2122,2022-03-06,Biathlon Stadium Kontiolahti,PU,Pursuit,Men,FALSE,4,Sturla Holm LAEGREID,0+1+0+1,6,2,2,0,0,1,0,1,0,1,0,1
BT2122SWRLCP09SMSP,2122,2022-03-10,Tehvandi Sport Center,SP,Sprint,Men,FALSE,2,Sturla Holm LAEGREID,0+0,2,0,0,0,0,0,NA,NA,0,0,NA,NA
BT2122SWRLCP09SMSP,2122,2022-03-10,Tehvandi Sport Center,SP,Sprint,Men,FALSE,2,Emilien JACQUELIN,3+1,32,4,4,0,3,1,NA,NA,3,1,NA,NA
BT2122SWRLCP09SMMS,2122,2022-03-12,Tehvandi Sport Center,MS,Mass Start,Men,FALSE,4,Emilien JACQUELIN,0+0+0+1,8,1,1,0,0,0,0,1,0,0,0,1
BT2122SWRLCP09SMMS,2122,2022-03-12,Tehvandi Sport Center,MS,Mass Start,Men,FALSE,4,Sturla Holm LAEGREID,2+1+0+0,10,3,3,0,2,1,0,0,2,1,0,0
BT2122SWRLCP09MXSR,2122,2022-03-13,Tehvandi Sport Center,SR,Single Mixed Relay,Mixed,TRUE,2,Sturla Holm LAEGREID,0+0 0+1,1,1,0,1,0,1,NA,NA,0,0,NA,NA
BT2122SWRLCP09MXSR,2122,2022-03-13,Tehvandi Sport Center,SR,Single Mixed Relay,Mixed,TRUE,2,Sturla Holm LAEGREID,0+0 0+0,1,0,0,0,0,0,NA,NA,0,0,NA,NA
BT2122SWRLCP10SMSP,2122,2022-03-18,Holmenkollen,SP,Sprint,Men,FALSE,2,Sturla Holm LAEGREID,0+0,1,0,0,0,0,0,NA,NA,0,0,NA,NA
BT2122SWRLCP10SMSP,2122,2022-03-18,Holmenkollen,SP,Sprint,Men,FALSE,2,Emilien JACQUELIN,2+0,30,2,2,0,2,0,NA,NA,2,0,NA,NA
BT2122SWRLCP10SMPU,2122,2022-03-19,Holmenkollen,PU,Pursuit,Men,FALSE,4,Sturla Holm LAEGREID,0+1+0+2,3,3,3,0,0,1,0,2,0,1,0,2
BT2122SWRLCP10SMPU,2122,2022-03-19,Holmenkollen,PU,Pursuit,Men,FALSE,4,Emilien JACQUELIN,0+0+0+2,19,2,2,0,0,0,0,2,0,0,0,2
BT2122SWRLCP10SMMS,2122,2022-03-20,Holmenkollen,MS,Mass Start,Men,FALSE,4,Sturla Holm LAEGREID,0+0+1+1,2,2,2,0,0,0,1,1,0,0,1,1
BT2122SWRLCP10SMMS,2122,2022-03-20,Holmenkollen,MS,Mass Start,Men,FALSE,4,Emilien JACQUELIN,0+0+2+0,3,2,2,0,0,0,2,0,0,0,2,0
BT2223SWRLCP01SMIN,2223,2022-11-29,Biathlon Stadium Kontiolahti,IN,Individual,Men,FALSE,4,Sturla Holm LAEGREID,0+0+0+2,6,2,0,0,0,0,0,2,0,0,0,0
BT2223SWRLCP01SMIN,2223,2022-11-29,Biathlon Stadium Kontiolahti,IN,Individual,Men,FALSE,4,Emilien JACQUELIN,1+2+1+0,28,4,0,0,1,2,1,0,0,0,0,0
BT2223SWRLCP01SMRL,2223,2022-12-01,Biathlon Stadium Kontiolahti,RL,Relay,Men,TRUE,2,Sturla Holm LAEGREID,0+1 0+3,1,4,0,4,1,3,NA,NA,0,0,NA,NA
BT2223SWRLCP01SMRL,2223,2022-12-01,Biathlon Stadium Kontiolahti,RL,Relay,Men,TRUE,2,Emilien JACQUELIN,0+0 0+1,3,1,0,1,0,1,NA,NA,0,0,NA,NA
BT2223SWRLCP01SMSP,2223,2022-12-03,Biathlon Stadium Kontiolahti,SP,Sprint,Men,FALSE,2,Sturla Holm LAEGREID,0+0,2,0,0,0,0,0,NA,NA,0,0,NA,NA
BT2223SWRLCP01SMSP,2223,2022-12-03,Biathlon Stadium Kontiolahti,SP,Sprint,Men,FALSE,2,Emilien JACQUELIN,1+0,5,1,1,0,1,0,NA,NA,1,0,NA,NA
BT2223SWRLCP01SMPU,2223,2022-12-04,Biathlon Stadium Kontiolahti,PU,Pursuit,Men,FALSE,4,Sturla Holm LAEGREID,0+0+1+1,2,2,2,0,0,0,1,1,0,0,1,1
BT2223SWRLCP01SMPU,2223,2022-12-04,Biathlon Stadium Kontiolahti,PU,Pursuit,Men,FALSE,4,Emilien JACQUELIN,0+0+0+2,3,2,2,0,0,0,0,2,0,0,0,2
BT2223SWRLCP02SMSP,2223,2022-12-09,Biathlon Stadium Hochfilzen,SP,Sprint,Men,FALSE,2,Emilien JACQUELIN,0+1,2,1,1,0,0,1,NA,NA,0,1,NA,NA
BT2223SWRLCP02SMSP,2223,2022-12-09,Biathlon Stadium Hochfilzen,SP,Sprint,Men,FALSE,2,Sturla Holm LAEGREID,0+1,3,1,1,0,0,1,NA,NA,0,1,NA,NA
BT2223SWRLCP02SMRL,2223,2022-12-10,Biathlon Stadium Hochfilzen,RL,Relay,Men,TRUE,2,Sturla Holm LAEGREID,0+0 0+3,1,3,0,3,0,3,NA,NA,0,0,NA,NA
BT2223SWRLCP02SMRL,2223,2022-12-10,Biathlon Stadium Hochfilzen,RL,Relay,Men,TRUE,2,Emilien JACQUELIN,0+0 0+1,4,1,0,1,0,1,NA,NA,0,0,NA,NA
BT2223SWRLCP02SMPU,2223,2022-12-11,Biathlon Stadium Hochfilzen,PU,Pursuit,Men,FALSE,4,Sturla Holm LAEGREID,0+0+1+1,2,2,2,0,0,0,1,1,0,0,1,1
BT2223SWRLCP02SMPU,2223,2022-12-11,Biathlon Stadium Hochfilzen,PU,Pursuit,Men,FALSE,4,Emilien JACQUELIN,0+1+1+1,3,3,3,0,0,1,1,1,0,1,1,1
BT2223SWRLCP03SMSP,2223,2022-12-15,Le Grand-Bornand Biathlon Arena,SP,Sprint,Men,FALSE,2,Sturla Holm LAEGREID,0+0,2,0,0,0,0,0,NA,NA,0,0,NA,NA
BT2223SWRLCP03SMSP,2223,2022-12-15,Le Grand-Bornand Biathlon Arena,SP,Sprint,Men,FALSE,2,Emilien JACQUELIN,1+2,13,3,3,0,1,2,NA,NA,1,2,NA,NA
BT2223SWRLCP03SMPU,2223,2022-12-17,Le Grand-Bornand Biathlon Arena,PU,Pursuit,Men,FALSE,4,Sturla Holm LAEGREID,0+0+1+0,1,1,1,0,0,0,1,0,0,0,1,0
BT2223SWRLCP03SMPU,2223,2022-12-17,Le Grand-Bornand Biathlon Arena,PU,Pursuit,Men,FALSE,4,Emilien JACQUELIN,1+0+3+3,30,7,7,0,1,0,3,3,1,0,3,3
BT2223SWRLCP03SMMS,2223,2022-12-18,Le Grand-Bornand Biathlon Arena,MS,Mass Start,Men,FALSE,4,Sturla Holm LAEGREID,0+0+1+1,2,2,2,0,0,0,1,1,0,0,1,1
BT2223SWRLCP03SMMS,2223,2022-12-18,Le Grand-Bornand Biathlon Arena,MS,Mass Start,Men,FALSE,4,Emilien JACQUELIN,1+1+1+2,14,5,5,0,1,1,1,2,1,1,1,2
BT2223SWRLCP04SMSP,2223,2023-01-06,Sports Centre Triglav Pokljuka,SP,Sprint,Men,FALSE,2,Sturla Holm LAEGREID,1+0,3,1,1,0,1,0,NA,NA,1,0,NA,NA
BT2223SWRLCP04SMSP,2223,2023-01-06,Sports Centre Triglav Pokljuka,SP,Sprint,Men,FALSE,2,Emilien JACQUELIN,2+3,64,5,5,0,2,3,NA,NA,2,3,NA,NA
BT2223SWRLCP04SMPU,2223,2023-01-07,Sports Centre Triglav Pokljuka,PU,Pursuit,Men,FALSE,4,Sturla Holm LAEGREID,0+0+2+0,4,2,2,0,0,0,2,0,0,0,2,0
BT2223SWRLCP05SMIN,2223,2023-01-11,Chiemgau Arena,IN,Individual,Men,FALSE,4,Sturla Holm LAEGREID,0+0+0+1,4,1,0,0,0,0,0,1,0,0,0,0
BT2223SWRLCP05SMRL,2223,2023-01-13,Chiemgau Arena,RL,Relay,Men,TRUE,2,Sturla Holm LAEGREID,0+0 1+3,1,4,1,3,0,4,NA,NA,0,1,NA,NA
BT2223SWRLCP05SMMS,2223,2023-01-15,Chiemgau Arena,MS,Mass Start,Men,FALSE,4,Sturla Holm LAEGREID,1+0+1+0,3,2,2,0,1,0,1,0,1,0,1,0
BT2223SWRLCP05SMMS,2223,2023-01-15,Chiemgau Arena,MS,Mass Start,Men,FALSE,4,Emilien JACQUELIN,0+1+1+0,5,2,2,0,0,1,1,0,0,1,1,0
BT2223SWRLCP06SMSP,2223,2023-01-20,Suedtirol Arena Alto Adige,SP,Sprint,Men,FALSE,2,Sturla Holm LAEGREID,0+0,3,0,0,0,0,0,NA,NA,0,0,NA,NA
BT2223SWRLCP06SMSP,2223,2023-01-20,Suedtirol Arena Alto Adige,SP,Sprint,Men,FALSE,2,Emilien JACQUELIN,0+1,6,1,1,0,0,1,NA,NA,0,1,NA,NA
BT2223SWRLCP06SMPU,2223,2023-01-21,Suedtirol Arena Alto Adige,PU,Pursuit,Men,FALSE,4,Sturla Holm LAEGREID,0+0+0+0,2,0,0,0,0,0,0,0,0,0,0,0
BT2223SWRLCP06SMPU,2223,2023-01-21,Suedtirol Arena Alto Adige,PU,Pursuit,Men,FALSE,4,Emilien JACQUELIN,2+0+1+2,14,5,5,0,2,0,1,2,2,0,1,2
BT2223SWRLCP06SMRL,2223,2023-01-22,Suedtirol Arena Alto Adige,RL,Relay,Men,TRUE,2,Sturla Holm LAEGREID,0+0 0+1,1,1,0,1,0,1,NA,NA,0,0,NA,NA
BT2223SWRLCP06SMRL,2223,2023-01-22,Suedtirol Arena Alto Adige,RL,Relay,Men,TRUE,2,Emilien JACQUELIN,0+0 0+0,2,0,0,0,0,0,NA,NA,0,0,NA,NA
BT2223SWRLCH__MXRL,2223,2023-02-08,ARENA am Rennsteig,RL,Relay,Mixed,TRUE,2,Sturla Holm LAEGREID,0+0 0+0,1,0,0,0,0,0,NA,NA,0,0,NA,NA
BT2223SWRLCH__MXRL,2223,2023-02-08,ARENA am Rennsteig,RL,Relay,Mixed,TRUE,2,Emilien JACQUELIN,0+2 0+2,3,4,0,4,2,2,NA,NA,0,0,NA,NA
BT2223SWRLCH__SMSP,2223,2023-02-11,ARENA am Rennsteig,SP,Sprint,Men,FALSE,2,Sturla Holm LAEGREID,0+1,3,1,1,0,0,1,NA,NA,0,1,NA,NA
BT2223SWRLCH__SMSP,2223,2023-02-11,ARENA am Rennsteig,SP,Sprint,Men,FALSE,2,Emilien JACQUELIN,1+3,36,4,4,0,1,3,NA,NA,1,3,NA,NA
BT2223SWRLCH__SMPU,2223,2023-02-12,ARENA am Rennsteig,PU,Pursuit,Men,FALSE,4,Sturla Holm LAEGREID,0+0+0+0,2,0,0,0,0,0,0,0,0,0,0,0
BT2223SWRLCH__SMIN,2223,2023-02-14,ARENA am Rennsteig,IN,Individual,Men,FALSE,4,Sturla Holm LAEGREID,0+0+0+1,2,1,0,0,0,0,0,1,0,0,0,0
BT2223SWRLCH__SMIN,2223,2023-02-14,ARENA am Rennsteig,IN,Individual,Men,FALSE,4,Emilien JACQUELIN,0+2+1+0,37,3,0,0,0,2,1,0,0,0,0,0
BT2223SWRLCH__SMRL,2223,2023-02-18,ARENA am Rennsteig,RL,Relay,Men,TRUE,2,Emilien JACQUELIN,0+0 1+3,1,4,1,3,0,4,NA,NA,0,1,NA,NA
BT2223SWRLCH__SMRL,2223,2023-02-18,ARENA am Rennsteig,RL,Relay,Men,TRUE,2,Sturla Holm LAEGREID,0+0 1+3,2,4,1,3,0,4,NA,NA,0,1,NA,NA
BT2223SWRLCH__SMMS,2223,2023-02-19,ARENA am Rennsteig,MS,Mass Start,Men,FALSE,4,Sturla Holm LAEGREID,0+1+0+1,4,2,2,0,0,1,0,1,0,1,0,1
BT2223SWRLCH__SMMS,2223,2023-02-19,ARENA am Rennsteig,MS,Mass Start,Men,FALSE,4,Emilien JACQUELIN,1+0+2+2,20,5,5,0,1,0,2,2,1,0,2,2
BT2223SWRLCP08SMMS,2223,2023-03-12,Swedish National Biathlon Arena,MS,Mass Start,Men,FALSE,4,Sturla Holm LAEGREID,0+0+0+2,13,2,2,0,0,0,0,2,0,0,0,2
BT2223SWRLCP09SMSP,2223,2023-03-16,Holmenkollen,SP,Sprint,Men,FALSE,2,Sturla Holm LAEGREID,0+0,5,0,0,0,0,0,NA,NA,0,0,NA,NA
BT2223SWRLCP09SMPU,2223,2023-03-18,Holmenkollen,PU,Pursuit,Men,FALSE,4,Sturla Holm LAEGREID,0+0+0+1,3,1,1,0,0,0,0,1,0,0,0,1
BT2223SWRLCP09SMMS,2223,2023-03-19,Holmenkollen,MS,Mass Start,Men,FALSE,4,Sturla Holm LAEGREID,0+1+0+0,5,1,1,0,0,1,0,0,0,1,0,0
BT2324SWRLCP01MXSR,2324,2023-11-25,Swedish National Biathlon Arena,SR,Single Mixed Relay,Mixed,TRUE,2,Sturla Holm LAEGREID,0+0 0+1,2,1,0,1,0,1,NA,NA,0,0,NA,NA
BT2324SWRLCP01MXSR,2324,2023-11-25,Swedish National Biathlon Arena,SR,Single Mixed Relay,Mixed,TRUE,2,Sturla Holm LAEGREID,0+1 0+0,2,1,0,1,1,0,NA,NA,0,0,NA,NA
BT2324SWRLCP01MXRL,2324,2023-11-25,Swedish National Biathlon Arena,RL,Relay,Mixed,TRUE,2,Emilien JACQUELIN,0+0 1+3,1,4,1,3,0,4,NA,NA,0,1,NA,NA
BT2324SWRLCP01SMIN,2324,2023-11-26,Swedish National Biathlon Arena,IN,Individual,Men,FALSE,4,Sturla Holm LAEGREID,1+0+0+0,12,1,0,0,1,0,0,0,0,0,0,0
BT2324SWRLCP01SMIN,2324,2023-11-26,Swedish National Biathlon Arena,IN,Individual,Men,FALSE,4,Emilien JACQUELIN,0+2+0+2,27,4,0,0,0,2,0,2,0,0,0,0
BT2324SWRLCP01SMRL,2324,2023-11-30,Swedish National Biathlon Arena,RL,Relay,Men,TRUE,2,Emilien JACQUELIN,0+1 0+2,2,3,0,3,1,2,NA,NA,0,0,NA,NA
BT2324SWRLCP01SMSP,2324,2023-12-02,Swedish National Biathlon Arena,SP,Sprint,Men,FALSE,2,Sturla Holm LAEGREID,1+0,20,1,1,0,1,0,NA,NA,1,0,NA,NA
BT2324SWRLCP01SMSP,2324,2023-12-02,Swedish National Biathlon Arena,SP,Sprint,Men,FALSE,2,Emilien JACQUELIN,2+1,24,3,3,0,2,1,NA,NA,2,1,NA,NA
BT2324SWRLCP01SMPU,2324,2023-12-03,Swedish National Biathlon Arena,PU,Pursuit,Men,FALSE,4,Emilien JACQUELIN,1+1+2+1,23,5,5,0,1,1,2,1,1,1,2,1
BT2324SWRLCP01SMPU,2324,2023-12-03,Swedish National Biathlon Arena,PU,Pursuit,Men,FALSE,4,Sturla Holm LAEGREID,2+1+0+0,25,3,3,0,2,1,0,0,2,1,0,0
BT2324SWRLCP02SMSP,2324,2023-12-08,Biathlon Stadium Hochfilzen,SP,Sprint,Men,FALSE,2,Sturla Holm LAEGREID,0+0,2,0,0,0,0,0,NA,NA,0,0,NA,NA
BT2324SWRLCP02SMSP,2324,2023-12-08,Biathlon Stadium Hochfilzen,SP,Sprint,Men,FALSE,2,Emilien JACQUELIN,1+1,13,2,2,0,1,1,NA,NA,1,1,NA,NA
BT2324SWRLCP02SMPU,2324,2023-12-09,Biathlon Stadium Hochfilzen,PU,Pursuit,Men,FALSE,4,Sturla Holm LAEGREID,0+1+1+0,4,2,2,0,0,1,1,0,0,1,1,0
BT2324SWRLCP02SMPU,2324,2023-12-09,Biathlon Stadium Hochfilzen,PU,Pursuit,Men,FALSE,4,Emilien JACQUELIN,0+0+1+1,6,2,2,0,0,0,1,1,0,0,1,1
BT2324SWRLCP02SMRL,2324,2023-12-10,Biathlon Stadium Hochfilzen,RL,Relay,Men,TRUE,2,Sturla Holm LAEGREID,0+0 0+1,1,1,0,1,0,1,NA,NA,0,0,NA,NA
BT2324SWRLCP02SMRL,2324,2023-12-10,Biathlon Stadium Hochfilzen,RL,Relay,Men,TRUE,2,Emilien JACQUELIN,0+1 0+1,2,2,0,2,1,1,NA,NA,0,0,NA,NA
BT2324SWRLCP03SMSP,2324,2023-12-15,Roland Arena,SP,Sprint,Men,FALSE,2,Sturla Holm LAEGREID,0+0,4,0,0,0,0,0,NA,NA,0,0,NA,NA
BT2324SWRLCP03SMSP,2324,2023-12-15,Roland Arena,SP,Sprint,Men,FALSE,2,Emilien JACQUELIN,3+2,36,5,5,0,3,2,NA,NA,3,2,NA,NA
BT2324SWRLCP03SMPU,2324,2023-12-16,Roland Arena,PU,Pursuit,Men,FALSE,4,Sturla Holm LAEGREID,0+0+0+1,3,1,1,0,0,0,0,1,0,0,0,1
BT2324SWRLCP03SMPU,2324,2023-12-16,Roland Arena,PU,Pursuit,Men,FALSE,4,Emilien JACQUELIN,1+0+2+0,15,3,3,0,1,0,2,0,1,0,2,0
BT2324SWRLCP03SMMS,2324,2023-12-17,Roland Arena,MS,Mass Start,Men,FALSE,4,Emilien JACQUELIN,0+0+1+1,13,2,2,0,0,0,1,1,0,0,1,1
BT2324SWRLCP04SMSP,2324,2024-01-05,ARENA am Rennsteig,SP,Sprint,Men,FALSE,2,Sturla Holm LAEGREID,0+1,2,1,1,0,0,1,NA,NA,0,1,NA,NA
BT2324SWRLCP04SMSP,2324,2024-01-05,ARENA am Rennsteig,SP,Sprint,Men,FALSE,2,Emilien JACQUELIN,1+3,37,4,4,0,1,3,NA,NA,1,3,NA,NA
BT2324SWRLCP04SMPU,2324,2024-01-06,ARENA am Rennsteig,PU,Pursuit,Men,FALSE,4,Sturla Holm LAEGREID,0+1+1+0,2,2,2,0,0,1,1,0,0,1,1,0
BT2324SWRLCP04SMPU,2324,2024-01-06,ARENA am Rennsteig,PU,Pursuit,Men,FALSE,4,Emilien JACQUELIN,1+0+1+1,21,3,3,0,1,0,1,1,1,0,1,1
BT2324SWRLCP04SMRL,2324,2024-01-07,ARENA am Rennsteig,RL,Relay,Men,TRUE,2,Sturla Holm LAEGREID,0+2 0+0,1,2,0,2,2,0,NA,NA,0,0,NA,NA
BT2324SWRLCP04SMRL,2324,2024-01-07,ARENA am Rennsteig,RL,Relay,Men,TRUE,2,Emilien JACQUELIN,2+3 2+3,7,10,4,6,5,5,NA,NA,2,2,NA,NA
BT2324SWRLCP05SMRL,2324,2024-01-11,Chiemgau Arena,RL,Relay,Men,TRUE,2,Sturla Holm LAEGREID,0+1 0+1,1,2,0,2,1,1,NA,NA,0,0,NA,NA
BT2324SWRLCP05SMRL,2324,2024-01-11,Chiemgau Arena,RL,Relay,Men,TRUE,2,Emilien JACQUELIN,0+2 0+1,4,3,0,3,2,1,NA,NA,0,0,NA,NA
BT2324SWRLCP05SMSP,2324,2024-01-13,Chiemgau Arena,SP,Sprint,Men,FALSE,2,Emilien JACQUELIN,0+0,4,0,0,0,0,0,NA,NA,0,0,NA,NA
BT2324SWRLCP05SMSP,2324,2024-01-13,Chiemgau Arena,SP,Sprint,Men,FALSE,2,Sturla Holm LAEGREID,0+1,10,1,1,0,0,1,NA,NA,0,1,NA,NA
BT2324SWRLCP05SMPU,2324,2024-01-14,Chiemgau Arena,PU,Pursuit,Men,FALSE,4,Emilien JACQUELIN,1+2+0+0,4,3,3,0,1,2,0,0,1,2,0,0
BT2324SWRLCP05SMPU,2324,2024-01-14,Chiemgau Arena,PU,Pursuit,Men,FALSE,4,Sturla Holm LAEGREID,1+0+1+2,14,4,4,0,1,0,1,2,1,0,1,2
BT2324SWRLCP06SMSI,2324,2024-01-18,Suedtirol Arena Alto Adige,SI,SI,Men,FALSE,4,Emilien JACQUELIN,1+1+0+1,19,3,0,0,1,1,0,1,0,0,0,0
BT2324SWRLCP06SMSI,2324,2024-01-18,Suedtirol Arena Alto Adige,SI,SI,Men,FALSE,4,Sturla Holm LAEGREID,0+0+2+3,25,5,0,0,0,0,2,3,0,0,0,0
BT2324SWRLCP06MXSR,2324,2024-01-20,Suedtirol Arena Alto Adige,SR,Single Mixed Relay,Mixed,TRUE,2,Emilien JACQUELIN,0+1 0+2,7,3,0,3,1,2,NA,NA,0,0,NA,NA
BT2324SWRLCP06MXSR,2324,2024-01-20,Suedtirol Arena Alto Adige,SR,Single Mixed Relay,Mixed,TRUE,2,Emilien JACQUELIN,0+1 2+3,7,6,2,4,1,5,NA,NA,0,2,NA,NA
BT2324SWRLCP06SMMS,2324,2024-01-21,Suedtirol Arena Alto Adige,MS,Mass Start,Men,FALSE,4,Sturla Holm LAEGREID,3+1+0+0,18,4,4,0,3,1,0,0,3,1,0,0
BT2324SWRLCP06SMMS,2324,2024-01-21,Suedtirol Arena Alto Adige,MS,Mass Start,Men,FALSE,4,Emilien JACQUELIN,0+1+0+2,22,3,3,0,0,1,0,2,0,1,0,2
BT2324SWRLCH__SMSP,2324,2024-02-10,Vysocina Arena,SP,Sprint,Men,FALSE,2,Sturla Holm LAEGREID,0+0,1,0,0,0,0,0,NA,NA,0,0,NA,NA
BT2324SWRLCH__SMSP,2324,2024-02-10,Vysocina Arena,SP,Sprint,Men,FALSE,2,Emilien JACQUELIN,1+0,9,1,1,0,1,0,NA,NA,1,0,NA,NA
BT2324SWRLCH__SMPU,2324,2024-02-11,Vysocina Arena,PU,Pursuit,Men,FALSE,4,Sturla Holm LAEGREID,2+0+0+0,2,2,2,0,2,0,0,0,2,0,0,0
BT2324SWRLCH__SMPU,2324,2024-02-11,Vysocina Arena,PU,Pursuit,Men,FALSE,4,Emilien JACQUELIN,3+2+1+0,13,6,6,0,3,2,1,0,3,2,1,0
BT2324SWRLCH__SMIN,2324,2024-02-14,Vysocina Arena,IN,Individual,Men,FALSE,4,Emilien JACQUELIN,1+0+0+0,5,1,0,0,1,0,0,0,0,0,0,0
BT2324SWRLCH__SMIN,2324,2024-02-14,Vysocina Arena,IN,Individual,Men,FALSE,4,Sturla Holm LAEGREID,0+0+0+2,18,2,0,0,0,0,0,2,0,0,0,0
BT2324SWRLCH__SMRL,2324,2024-02-17,Vysocina Arena,RL,Relay,Men,TRUE,2,Sturla Holm LAEGREID,0+1 1+3,2,5,1,4,1,4,NA,NA,0,1,NA,NA
BT2324SWRLCH__SMRL,2324,2024-02-17,Vysocina Arena,RL,Relay,Men,TRUE,2,Emilien JACQUELIN,0+1 0+2,3,3,0,3,1,2,NA,NA,0,0,NA,NA
BT2324SWRLCH__SMMS,2324,2024-02-18,Vysocina Arena,MS,Mass Start,Men,FALSE,4,Emilien JACQUELIN,2+2+1+0,11,5,5,0,2,2,1,0,2,2,1,0
BT2324SWRLCH__SMMS,2324,2024-02-18,Vysocina Arena,MS,Mass Start,Men,FALSE,4,Sturla Holm LAEGREID,1+0+1+2,17,4,4,0,1,0,1,2,1,0,1,2
BT2324SWRLCP07SMIN,2324,2024-03-01,Holmenkollen,IN,Individual,Men,FALSE,4,Sturla Holm LAEGREID,0+0+0+0,1,0,0,0,0,0,0,0,0,0,0,0
BT2324SWRLCP07SMIN,2324,2024-03-01,Holmenkollen,IN,Individual,Men,FALSE,4,Emilien JACQUELIN,0+0+1+1,9,2,0,0,0,0,1,1,0,0,0,0
BT2324SWRLCP07SMMS,2324,2024-03-02,Holmenkollen,MS,Mass Start,Men,FALSE,4,Sturla Holm LAEGREID,1+0+0+0,1,1,1,0,1,0,0,0,1,0,0,0
BT2324SWRLCP07SMMS,2324,2024-03-02,Holmenkollen,MS,Mass Start,Men,FALSE,4,Emilien JACQUELIN,1+0+1+1,5,3,3,0,1,0,1,1,1,0,1,1
BT2324SWRLCP07MXSR,2324,2024-03-03,Holmenkollen,SR,Single Mixed Relay,Mixed,TRUE,2,Emilien JACQUELIN,0+2 1+3,5,6,1,5,2,4,NA,NA,0,1,NA,NA
BT2324SWRLCP07MXSR,2324,2024-03-03,Holmenkollen,SR,Single Mixed Relay,Mixed,TRUE,2,Emilien JACQUELIN,0+2 0+0,5,2,0,2,2,0,NA,NA,0,0,NA,NA
BT2324SWRLCP08SMRL,2324,2024-03-08,Soldier Hollow,RL,Relay,Men,TRUE,2,Sturla Holm LAEGREID,0+0 3+3,1,6,3,3,0,6,NA,NA,0,3,NA,NA
BT2324SWRLCP08SMRL,2324,2024-03-08,Soldier Hollow,RL,Relay,Men,TRUE,2,Emilien JACQUELIN,0+0 2+3,8,5,2,3,0,5,NA,NA,0,2,NA,NA
BT2324SWRLCP08SMSP,2324,2024-03-09,Soldier Hollow,SP,Sprint,Men,FALSE,2,Emilien JACQUELIN,0+2,2,2,2,0,0,2,NA,NA,0,2,NA,NA
BT2324SWRLCP08SMSP,2324,2024-03-09,Soldier Hollow,SP,Sprint,Men,FALSE,2,Sturla Holm LAEGREID,0+1,4,1,1,0,0,1,NA,NA,0,1,NA,NA
BT2324SWRLCP08SMPU,2324,2024-03-10,Soldier Hollow,PU,Pursuit,Men,FALSE,4,Emilien JACQUELIN,0+0+3+0,3,3,3,0,0,0,3,0,0,0,3,0
BT2324SWRLCP08SMPU,2324,2024-03-10,Soldier Hollow,PU,Pursuit,Men,FALSE,4,Sturla Holm LAEGREID,0+0+1+1,4,2,2,0,0,0,1,1,0,0,1,1
BT2324SWRLCP09SMSP,2324,2024-03-15,Canmore Nordic Centre,SP,Sprint,Men,FALSE,2,Emilien JACQUELIN,0+1,4,1,1,0,0,1,NA,NA,0,1,NA,NA
BT2324SWRLCP09SMSP,2324,2024-03-15,Canmore Nordic Centre,SP,Sprint,Men,FALSE,2,Sturla Holm LAEGREID,3+1,47,4,4,0,3,1,NA,NA,3,1,NA,NA
BT2324SWRLCP09SMPU,2324,2024-03-16,Canmore Nordic Centre,PU,Pursuit,Men,FALSE,4,Emilien JACQUELIN,1+0+2+1,4,4,4,0,1,0,2,1,1,0,2,1
BT2324SWRLCP09SMPU,2324,2024-03-16,Canmore Nordic Centre,PU,Pursuit,Men,FALSE,4,Sturla Holm LAEGREID,0+0+1+0,25,1,1,0,0,0,1,0,0,0,1,0
BT2324SWRLCP09SMMS,2324,2024-03-17,Canmore Nordic Centre,MS,Mass Start,Men,FALSE,4,Emilien JACQUELIN,1+1+1+0,3,3,3,0,1,1,1,0,1,1,1,0
BT2324SWRLCP09SMMS,2324,2024-03-17,Canmore Nordic Centre,MS,Mass Start,Men,FALSE,4,Sturla Holm LAEGREID,0+3+1+1,22,5,5,0,0,3,1,1,0,3,1,1
BT2425SWRLCP01MXRL,2425,2024-11-30,Biathlon Stadium Kontiolahti,RL,Relay,Mixed,TRUE,2,Emilien JACQUELIN,0+0 0+1,2,1,0,1,0,1,NA,NA,0,0,NA,NA
BT2425SWRLCP01SMRL,2425,2024-12-01,Biathlon Stadium Kontiolahti,RL,Relay,Men,TRUE,2,Emilien JACQUELIN,0+0 0+2,1,2,0,2,0,2,NA,NA,0,0,NA,NA
BT2425SWRLCP01SMRL,2425,2024-12-01,Biathlon Stadium Kontiolahti,RL,Relay,Men,TRUE,2,Sturla Holm LAEGREID,0+0 0+0,2,0,0,0,0,0,NA,NA,0,0,NA,NA
BT2425SWRLCP01SMSI,2425,2024-12-03,Biathlon Stadium Kontiolahti,SI,SI,Men,FALSE,4,Sturla Holm LAEGREID,0+0+0+0,3,0,0,0,0,0,0,0,0,0,0,0
BT2425SWRLCP01SMSI,2425,2024-12-03,Biathlon Stadium Kontiolahti,SI,SI,Men,FALSE,4,Emilien JACQUELIN,0+1+1+1,14,3,0,0,0,1,1,1,0,0,0,0
BT2425SWRLCP01SMSP,2425,2024-12-06,Biathlon Stadium Kontiolahti,SP,Sprint,Men,FALSE,2,Emilien JACQUELIN,0+0,1,0,0,0,0,0,NA,NA,0,0,NA,NA
BT2425SWRLCP01SMSP,2425,2024-12-06,Biathlon Stadium Kontiolahti,SP,Sprint,Men,FALSE,2,Sturla Holm LAEGREID,1+0,9,1,1,0,1,0,NA,NA,1,0,NA,NA
BT2425SWRLCP01SMMS,2425,2024-12-08,Biathlon Stadium Kontiolahti,MS,Mass Start,Men,FALSE,4,Sturla Holm LAEGREID,0+1+0+1,3,2,2,0,0,1,0,1,0,1,0,1
BT2425SWRLCP01SMMS,2425,2024-12-08,Biathlon Stadium Kontiolahti,MS,Mass Start,Men,FALSE,4,Emilien JACQUELIN,2+0+1+2,14,5,5,0,2,0,1,2,2,0,1,2
BT2425SWRLCP02SMSP,2425,2024-12-13,Biathlon Stadium Hochfilzen,SP,Sprint,Men,FALSE,2,Sturla Holm LAEGREID,0+0,2,0,0,0,0,0,NA,NA,0,0,NA,NA
BT2425SWRLCP02SMSP,2425,2024-12-13,Biathlon Stadium Hochfilzen,SP,Sprint,Men,FALSE,2,Emilien JACQUELIN,1+2,14,3,3,0,1,2,NA,NA,1,2,NA,NA
BT2425SWRLCP02SMPU,2425,2024-12-14,Biathlon Stadium Hochfilzen,PU,Pursuit,Men,FALSE,4,Emilien JACQUELIN,0+0+0+1,2,1,1,0,0,0,0,1,0,0,0,1
BT2425SWRLCP02SMPU,2425,2024-12-14,Biathlon Stadium Hochfilzen,PU,Pursuit,Men,FALSE,4,Sturla Holm LAEGREID,0+0+0+1,3,1,1,0,0,0,0,1,0,0,0,1
BT2425SWRLCP02SMRL,2425,2024-12-15,Biathlon Stadium Hochfilzen,RL,Relay,Men,TRUE,2,Emilien JACQUELIN,0+2 0+2,1,4,0,4,2,2,NA,NA,0,0,NA,NA
BT2425SWRLCP02SMRL,2425,2024-12-15,Biathlon Stadium Hochfilzen,RL,Relay,Men,TRUE,2,Sturla Holm LAEGREID,0+0 0+0,2,0,0,0,0,0,NA,NA,0,0,NA,NA
BT2425SWRLCP03SMSP,2425,2024-12-19,Le Grand-Bornand Biathlon Arena,SP,Sprint,Men,FALSE,2,Sturla Holm LAEGREID,0+1,5,1,1,0,0,1,NA,NA,0,1,NA,NA
BT2425SWRLCP03SMSP,2425,2024-12-19,Le Grand-Bornand Biathlon Arena,SP,Sprint,Men,FALSE,2,Emilien JACQUELIN,1+1,8,2,2,0,1,1,NA,NA,1,1,NA,NA
BT2425SWRLCP03SMPU,2425,2024-12-21,Le Grand-Bornand Biathlon Arena,PU,Pursuit,Men,FALSE,4,Emilien JACQUELIN,0+0+1+1,3,2,2,0,0,0,1,1,0,0,1,1
BT2425SWRLCP03SMPU,2425,2024-12-21,Le Grand-Bornand Biathlon Arena,PU,Pursuit,Men,FALSE,4,Sturla Holm LAEGREID,0+0+1+2,6,3,3,0,0,0,1,2,0,0,1,2
BT2425SWRLCP03SMMS,2425,2024-12-22,Le Grand-Bornand Biathlon Arena,MS,Mass Start,Men,FALSE,4,Sturla Holm LAEGREID,0+0+1+1,4,2,2,0,0,0,1,1,0,0,1,1
BT2425SWRLCP03SMMS,2425,2024-12-22,Le Grand-Bornand Biathlon Arena,MS,Mass Start,Men,FALSE,4,Emilien JACQUELIN,1+1+2+0,16,4,4,0,1,1,2,0,1,1,2,0
BT2425SWRLCP04SMSP,2425,2025-01-10,ARENA am Rennsteig,SP,Sprint,Men,FALSE,2,Emilien JACQUELIN,0+1,3,1,1,0,0,1,NA,NA,0,1,NA,NA
BT2425SWRLCP04SMSP,2425,2025-01-10,ARENA am Rennsteig,SP,Sprint,Men,FALSE,2,Sturla Holm LAEGREID,0+1,6,1,1,0,0,1,NA,NA,0,1,NA,NA
BT2425SWRLCP04SMPU,2425,2025-01-11,ARENA am Rennsteig,PU,Pursuit,Men,FALSE,4,Sturla Holm LAEGREID,1+0+0+1,1,2,2,0,1,0,0,1,1,0,0,1
BT2425SWRLCP04SMPU,2425,2025-01-11,ARENA am Rennsteig,PU,Pursuit,Men,FALSE,4,Emilien JACQUELIN,1+1+3+0,11,5,5,0,1,1,3,0,1,1,3,0
BT2425SWRLCP04MXRL,2425,2025-01-12,ARENA am Rennsteig,RL,Relay,Mixed,TRUE,2,Sturla Holm LAEGREID,0+0 0+2,3,2,0,2,0,2,NA,NA,0,0,NA,NA
BT2425SWRLCP05SMIN,2425,2025-01-15,Chiemgau Arena,IN,Individual,Men,FALSE,4,Sturla Holm LAEGREID,0+1+0+1,16,2,0,0,0,1,0,1,0,0,0,0
BT2425SWRLCP05SMIN,2425,2025-01-15,Chiemgau Arena,IN,Individual,Men,FALSE,4,Emilien JACQUELIN,1+1+0+0,19,2,0,0,1,1,0,0,0,0,0,0
BT2425SWRLCP05SMRL,2425,2025-01-17,Chiemgau Arena,RL,Relay,Men,TRUE,2,Emilien JACQUELIN,0+1 0+1,1,2,0,2,1,1,NA,NA,0,0,NA,NA
BT2425SWRLCP05SMRL,2425,2025-01-17,Chiemgau Arena,RL,Relay,Men,TRUE,2,Sturla Holm LAEGREID,0+1 0+1,4,2,0,2,1,1,NA,NA,0,0,NA,NA
BT2425SWRLCP05SMMS,2425,2025-01-19,Chiemgau Arena,MS,Mass Start,Men,FALSE,4,Sturla Holm LAEGREID,1+0+0+0,2,1,1,0,1,0,0,0,1,0,0,0
BT2425SWRLCP05SMMS,2425,2025-01-19,Chiemgau Arena,MS,Mass Start,Men,FALSE,4,Emilien JACQUELIN,0+0+2+0,8,2,2,0,0,0,2,0,0,0,2,0
BT2425SWRLCP06SMSP,2425,2025-01-24,Suedtirol Arena Alto Adige,SP,Sprint,Men,FALSE,2,Sturla Holm LAEGREID,0+1,2,1,1,0,0,1,NA,NA,0,1,NA,NA
BT2425SWRLCP06SMSP,2425,2025-01-24,Suedtirol Arena Alto Adige,SP,Sprint,Men,FALSE,2,Emilien JACQUELIN,0+3,25,3,3,0,0,3,NA,NA,0,3,NA,NA
BT2425SWRLCP06SMRL,2425,2025-01-25,Suedtirol Arena Alto Adige,RL,Relay,Men,TRUE,2,Emilien JACQUELIN,0+1 0+0,1,1,0,1,1,0,NA,NA,0,0,NA,NA
BT2425SWRLCP06SMRL,2425,2025-01-25,Suedtirol Arena Alto Adige,RL,Relay,Men,TRUE,2,Sturla Holm LAEGREID,0+2 0+1,2,3,0,3,2,1,NA,NA,0,0,NA,NA
BT2425SWRLCP06SMPU,2425,2025-01-26,Suedtirol Arena Alto Adige,PU,Pursuit,Men,FALSE,4,Sturla Holm LAEGREID,0+0+0+0,1,0,0,0,0,0,0,0,0,0,0,0
BT2425SWRLCP06SMPU,2425,2025-01-26,Suedtirol Arena Alto Adige,PU,Pursuit,Men,FALSE,4,Emilien JACQUELIN,1+1+1+1,17,4,4,0,1,1,1,1,1,1,1,1
BT2425SWRLCH__MXRL,2425,2025-02-12,Roland Arena,RL,Relay,Mixed,TRUE,2,Emilien JACQUELIN,0+1 1+3,1,5,1,4,1,4,NA,NA,0,1,NA,NA
BT2425SWRLCH__MXRL,2425,2025-02-12,Roland Arena,RL,Relay,Mixed,TRUE,2,Sturla Holm LAEGREID,0+0 0+1,4,1,0,1,0,1,NA,NA,0,0,NA,NA
BT2425SWRLCH__SMSP,2425,2025-02-15,Roland Arena,SP,Sprint,Men,FALSE,2,Sturla Holm LAEGREID,0+1,9,1,1,0,0,1,NA,NA,0,1,NA,NA
BT2425SWRLCH__SMSP,2425,2025-02-15,Roland Arena,SP,Sprint,Men,FALSE,2,Emilien JACQUELIN,1+2,19,3,3,0,1,2,NA,NA,1,2,NA,NA
BT2425SWRLCH__SMPU,2425,2025-02-16,Roland Arena,PU,Pursuit,Men,FALSE,4,Sturla Holm LAEGREID,0+0+0+0,4,0,0,0,0,0,0,0,0,0,0,0
BT2425SWRLCH__SMPU,2425,2025-02-16,Roland Arena,PU,Pursuit,Men,FALSE,4,Emilien JACQUELIN,1+1+3+0,15,5,5,0,1,1,3,0,1,1,3,0
BT2425SWRLCH__SMIN,2425,2025-02-19,Roland Arena,IN,Individual,Men,FALSE,4,Sturla Holm LAEGREID,0+1+1+0,15,2,0,0,0,1,1,0,0,0,0,0
BT2425SWRLCH__SMIN,2425,2025-02-19,Roland Arena,IN,Individual,Men,FALSE,4,Emilien JACQUELIN,2+0+2+1,67,5,0,0,2,0,2,1,0,0,0,0
BT2425SWRLCH__SMRL,2425,2025-02-22,Roland Arena,RL,Relay,Men,TRUE,2,Sturla Holm LAEGREID,0+0 0+0,1,0,0,0,0,0,NA,NA,0,0,NA,NA
BT2425SWRLCH__SMMS,2425,2025-02-23,Roland Arena,MS,Mass Start,Men,FALSE,4,Sturla Holm LAEGREID,2+0+0+0,2,2,2,0,2,0,0,0,2,0,0,0
BT2425SWRLCH__SMMS,2425,2025-02-23,Roland Arena,MS,Mass Start,Men,FALSE,4,Emilien JACQUELIN,1+0+2+0,11,3,3,0,1,0,2,0,1,0,2,0
BT2425SWRLCP07SMSP,2425,2025-03-06,Vysocina Arena,SP,Sprint,Men,FALSE,2,Emilien JACQUELIN,0+0,1,0,0,0,0,0,NA,NA,0,0,NA,NA
BT2425SWRLCP07SMSP,2425,2025-03-06,Vysocina Arena,SP,Sprint,Men,FALSE,2,Sturla Holm LAEGREID,0+2,14,2,2,0,0,2,NA,NA,0,2,NA,NA
BT2425SWRLCP07SMPU,2425,2025-03-08,Vysocina Arena,PU,Pursuit,Men,FALSE,4,Sturla Holm LAEGREID,0+0+1+0,5,1,1,0,0,0,1,0,0,0,1,0
BT2425SWRLCP07SMPU,2425,2025-03-08,Vysocina Arena,PU,Pursuit,Men,FALSE,4,Emilien JACQUELIN,0+2+0+2,8,4,4,0,0,2,0,2,0,2,0,2
BT2425SWRLCP07SMRL,2425,2025-03-09,Vysocina Arena,RL,Relay,Men,TRUE,2,Sturla Holm LAEGREID,0+2 0+0,2,2,0,2,2,0,NA,NA,0,0,NA,NA
BT2425SWRLCP08SMSI,2425,2025-03-13,Sports Centre Triglav Pokljuka,SI,SI,Men,FALSE,4,Sturla Holm LAEGREID,0+0+0+1,2,1,0,0,0,0,0,1,0,0,0,0
BT2425SWRLCP08SMSI,2425,2025-03-13,Sports Centre Triglav Pokljuka,SI,SI,Men,FALSE,4,Emilien JACQUELIN,0+1+0+1,11,2,0,0,0,1,0,1,0,0,0,0
BT2425SWRLCP08SMMS,2425,2025-03-15,Sports Centre Triglav Pokljuka,MS,Mass Start,Men,FALSE,4,Sturla Holm LAEGREID,0+0+1+0,3,1,1,0,0,0,1,0,0,0,1,0
BT2425SWRLCP08SMMS,2425,2025-03-15,Sports Centre Triglav Pokljuka,MS,Mass Start,Men,FALSE,4,Emilien JACQUELIN,0+1+0+0,10,1,1,0,0,1,0,0,0,1,0,0
BT2425SWRLCP08MXSR,2425,2025-03-16,Sports Centre Triglav Pokljuka,SR,Single Mixed Relay,Mixed,TRUE,2,Emilien JACQUELIN,0+1 0+1,4,2,0,2,1,1,NA,NA,0,0,NA,NA
BT2425SWRLCP08MXSR,2425,2025-03-16,Sports Centre Triglav Pokljuka,SR,Single Mixed Relay,Mixed,TRUE,2,Emilien JACQUELIN,0+1 0+1,4,2,0,2,1,1,NA,NA,0,0,NA,NA
BT2425SWRLCP09SMSP,2425,2025-03-21,Holmenkollen,SP,Sprint,Men,FALSE,2,Sturla Holm LAEGREID,0+0,2,0,0,0,0,0,NA,NA,0,0,NA,NA
BT2425SWRLCP09SMSP,2425,2025-03-21,Holmenkollen,SP,Sprint,Men,FALSE,2,Emilien JACQUELIN,1+4,63,5,5,0,1,4,NA,NA,1,4,NA,NA
BT2425SWRLCP09SMPU,2425,2025-03-22,Holmenkollen,PU,Pursuit,Men,FALSE,4,Sturla Holm LAEGREID,0+0+0+0,1,0,0,0,0,0,0,0,0,0,0,0
BT2425SWRLCP09SMMS,2425,2025-03-23,Holmenkollen,MS,Mass Start,Men,FALSE,4,Sturla Holm LAEGREID,0+1+0+0,4,1,1,0,0,1,0,0,0,1,0,0
BT2425SWRLCP09SMMS,2425,2025-03-23,Holmenkollen,MS,Mass Start,Men,FALSE,4,Emilien JACQUELIN,0+0+2+1,19,3,3,0,0,0,2,1,0,0,2,1
BT2526SWRLCP01SMRL,2526,2025-11-29,Swedish National Biathlon Arena,RL,Relay,Men,TRUE,2,Sturla Holm LAEGREID,0+1 0+2,1,3,0,3,1,2,NA,NA,0,0,NA,NA
BT2526SWRLCP01SMRL,2526,2025-11-29,Swedish National Biathlon Arena,RL,Relay,Men,TRUE,2,Emilien JACQUELIN,0+0 1+3,2,4,1,3,0,4,NA,NA,0,1,NA,NA
BT2526SWRLCP01MXSR,2526,2025-11-30,Swedish National Biathlon Arena,SR,Single Mixed Relay,Mixed,TRUE,2,Sturla Holm LAEGREID,0+0 0+1,2,1,0,1,0,1,NA,NA,0,0,NA,NA
BT2526SWRLCP01MXSR,2526,2025-11-30,Swedish National Biathlon Arena,SR,Single Mixed Relay,Mixed,TRUE,2,Sturla Holm LAEGREID,0+0 0+1,2,1,0,1,0,1,NA,NA,0,0,NA,NA
BT2526SWRLCP01MXRL,2526,2025-11-30,Swedish National Biathlon Arena,RL,Relay,Mixed,TRUE,2,Emilien JACQUELIN,0+0 0+3,1,3,0,3,0,3,NA,NA,0,0,NA,NA
BT2526SWRLCP01SMIN,2526,2025-12-03,Swedish National Biathlon Arena,IN,Individual,Men,FALSE,4,Sturla Holm LAEGREID,0+1+0+0,5,1,0,0,0,1,0,0,0,0,0,0
BT2526SWRLCP01SMIN,2526,2025-12-03,Swedish National Biathlon Arena,IN,Individual,Men,FALSE,4,Emilien JACQUELIN,1+1+0+0,11,2,0,0,1,1,0,0,0,0,0,0
BT2526SWRLCP01SMSP,2526,2025-12-06,Swedish National Biathlon Arena,SP,Sprint,Men,FALSE,2,Sturla Holm LAEGREID,0+1,4,1,1,0,0,1,NA,NA,0,1,NA,NA
BT2526SWRLCP01SMSP,2526,2025-12-06,Swedish National Biathlon Arena,SP,Sprint,Men,FALSE,2,Emilien JACQUELIN,1+3,42,4,4,0,1,3,NA,NA,1,3,NA,NA
BT2526SWRLCP01SMPU,2526,2025-12-07,Swedish National Biathlon Arena,PU,Pursuit,Men,FALSE,4,Sturla Holm LAEGREID,0+0+2+1,8,3,3,0,0,0,2,1,0,0,2,1
BT2526SWRLCP01SMPU,2526,2025-12-07,Swedish National Biathlon Arena,PU,Pursuit,Men,FALSE,4,Emilien JACQUELIN,0+2+1+0,21,3,3,0,0,2,1,0,0,2,1,0
BT2526SWRLCP02SMSP,2526,2025-12-12,Biathlon Stadium Hochfilzen,SP,Sprint,Men,FALSE,2,Sturla Holm LAEGREID,0+0,5,0,0,0,0,0,NA,NA,0,0,NA,NA
BT2526SWRLCP02SMSP,2526,2025-12-12,Biathlon Stadium Hochfilzen,SP,Sprint,Men,FALSE,2,Emilien JACQUELIN,0+3,14,3,3,0,0,3,NA,NA,0,3,NA,NA
BT2526SWRLCP02SMPU,2526,2025-12-13,Biathlon Stadium Hochfilzen,PU,Pursuit,Men,FALSE,4,Sturla Holm LAEGREID,1+0+0+1,6,2,2,0,1,0,0,1,1,0,0,1
BT2526SWRLCP02SMPU,2526,2025-12-13,Biathlon Stadium Hochfilzen,PU,Pursuit,Men,FALSE,4,Emilien JACQUELIN,0+0+1+2,7,3,3,0,0,0,1,2,0,0,1,2
BT2526SWRLCP02SMRL,2526,2025-12-14,Biathlon Stadium Hochfilzen,RL,Relay,Men,TRUE,2,Sturla Holm LAEGREID,0+0 0+1,1,1,0,1,0,1,NA,NA,0,0,NA,NA
BT2526SWRLCP02SMRL,2526,2025-12-14,Biathlon Stadium Hochfilzen,RL,Relay,Men,TRUE,2,Emilien JACQUELIN,0+1 0+1,2,2,0,2,1,1,NA,NA,0,0,NA,NA
BT2526SWRLCP03SMSP,2526,2025-12-19,Le Grand-Bornand Biathlon Arena,SP,Sprint,Men,FALSE,2,Emilien JACQUELIN,0+1,3,1,1,0,0,1,NA,NA,0,1,NA,NA
BT2526SWRLCP03SMSP,2526,2025-12-19,Le Grand-Bornand Biathlon Arena,SP,Sprint,Men,FALSE,2,Sturla Holm LAEGREID,0+1,11,1,1,0,0,1,NA,NA,0,1,NA,NA
BT2526SWRLCP03SMPU,2526,2025-12-20,Le Grand-Bornand Biathlon Arena,PU,Pursuit,Men,FALSE,4,Emilien JACQUELIN,1+1+1+0,2,3,3,0,1,1,1,0,1,1,1,0
BT2526SWRLCP03SMPU,2526,2025-12-20,Le Grand-Bornand Biathlon Arena,PU,Pursuit,Men,FALSE,4,Sturla Holm LAEGREID,0+0+1+1,8,2,2,0,0,0,1,1,0,0,1,1
BT2526SWRLCP03SMMS,2526,2025-12-21,Le Grand-Bornand Biathlon Arena,MS,Mass Start,Men,FALSE,4,Emilien JACQUELIN,2+0+1+0,9,3,3,0,2,0,1,0,2,0,1,0
BT2526SWRLCP03SMMS,2526,2025-12-21,Le Grand-Bornand Biathlon Arena,MS,Mass Start,Men,FALSE,4,Sturla Holm LAEGREID,1+0+1+1,12,3,3,0,1,0,1,1,1,0,1,1
BT2526SWRLCP04SMSP,2526,2026-01-08,ARENA am Rennsteig,SP,Sprint,Men,FALSE,2,Emilien JACQUELIN,2+2,68,4,4,0,2,2,NA,NA,2,2,NA,NA
BT2526SWRLCP04SMRL,2526,2026-01-11,ARENA am Rennsteig,RL,Relay,Men,TRUE,2,Emilien JACQUELIN,2+3 0+2,2,7,2,5,5,2,NA,NA,2,0,NA,NA
BT2526SWRLCP05SMRL,2526,2026-01-15,Chiemgau Arena,RL,Relay,Men,TRUE,2,Sturla Holm LAEGREID,0+0 0+1,2,1,0,1,0,1,NA,NA,0,0,NA,NA
BT2526SWRLCP05SMSP,2526,2026-01-17,Chiemgau Arena,SP,Sprint,Men,FALSE,2,Sturla Holm LAEGREID,0+0,7,0,0,0,0,0,NA,NA,0,0,NA,NA
BT2526SWRLCP05SMSP,2526,2026-01-17,Chiemgau Arena,SP,Sprint,Men,FALSE,2,Emilien JACQUELIN,0+1,7,1,1,0,0,1,NA,NA,0,1,NA,NA
BT2526SWRLCP05SMPU,2526,2026-01-18,Chiemgau Arena,PU,Pursuit,Men,FALSE,4,Emilien JACQUELIN,1+1+1+1,8,4,4,0,1,1,1,1,1,1,1,1
BT2526SWRLCP05SMPU,2526,2026-01-18,Chiemgau Arena,PU,Pursuit,Men,FALSE,4,Sturla Holm LAEGREID,0+0+0+1,11,1,1,0,0,0,0,1,0,0,0,1
BT2526SWRLCP06SMSI,2526,2026-01-22,Vysocina Arena,SI,SI,Men,FALSE,4,Emilien JACQUELIN,0+0+0+0,2,0,0,0,0,0,0,0,0,0,0,0
BT2526SWRLCP06SMMS,2526,2026-01-25,Vysocina Arena,MS,Mass Start,Men,FALSE,4,Emilien JACQUELIN,1+0+1+1,12,3,3,0,1,0,1,1,1,0,1,1
BT2526SWRLOG__SMIN,2526,2026-02-10,Suedtirol Arena Alto Adige,IN,Individual,Men,FALSE,4,Sturla Holm LAEGREID,0+0+1+0,3,1,0,0,0,0,1,0,0,0,0,0
BT2526SWRLOG__SMIN,2526,2026-02-10,Suedtirol Arena Alto Adige,IN,Individual,Men,FALSE,4,Emilien JACQUELIN,2+1+0+3,55,6,0,0,2,1,0,3,0,0,0,0
BT2526SWRLOG__SMSP,2526,2026-02-13,Suedtirol Arena Alto Adige,SP,Sprint,Men,FALSE,2,Sturla Holm LAEGREID,0+0,3,0,0,0,0,0,NA,NA,0,0,NA,NA
BT2526SWRLOG__SMSP,2526,2026-02-13,Suedtirol Arena Alto Adige,SP,Sprint,Men,FALSE,2,Emilien JACQUELIN,0+0,4,0,0,0,0,0,NA,NA,0,0,NA,NA
BT2526SWRLOG__SMPU,2526,2026-02-15,Suedtirol Arena Alto Adige,PU,Pursuit,Men,FALSE,4,Sturla Holm LAEGREID,1+0+1+0,2,2,2,0,1,0,1,0,1,0,1,0
BT2526SWRLOG__SMPU,2526,2026-02-15,Suedtirol Arena Alto Adige,PU,Pursuit,Men,FALSE,4,Emilien JACQUELIN,1+0+0+2,3,3,3,0,1,0,0,2,1,0,0,2
BT2526SWRLOG__SMMS,2526,2026-02-20,Suedtirol Arena Alto Adige,MS,Mass Start,Men,FALSE,4,Sturla Holm LAEGREID,0+0+1+0,2,1,1,0,0,0,1,0,0,0,1,0
BT2526SWRLOG__SMMS,2526,2026-02-20,Suedtirol Arena Alto Adige,MS,Mass Start,Men,FALSE,4,Emilien JACQUELIN,0+1+4+1,12,6,6,0,0,1,4,1,0,1,4,1
BT2526SWRLOG__SMRL,2526,2026-02-17,Suedtirol Arena Alto Adige,RL,Relay,Men,TRUE,2,Emilien JACQUELIN,0+0 0+1,1,1,0,1,0,1,NA,NA,0,0,NA,NA
BT2526SWRLOG__SMRL,2526,2026-02-17,Suedtirol Arena Alto Adige,RL,Relay,Men,TRUE,2,Sturla Holm LAEGREID,0+0 0+0,2,0,0,0,0,0,NA,NA,0,0,NA,NA
BT2526SWRLCP07SMIN,2526,2026-03-06,Biathlon Stadium Kontiolahti,IN,Individual,Men,FALSE,4,Sturla Holm LAEGREID,0+0+0+0,2,0,0,0,0,0,0,0,0,0,0,0
BT2526SWRLCP07SMIN,2526,2026-03-06,Biathlon Stadium Kontiolahti,IN,Individual,Men,FALSE,4,Emilien JACQUELIN,1+1+0+1,13,3,0,0,1,1,0,1,0,0,0,0
BT2526SWRLCP07SMRL,2526,2026-03-07,Biathlon Stadium Kontiolahti,RL,Relay,Men,TRUE,2,Sturla Holm LAEGREID,0+1 0+1,1,2,0,2,1,1,NA,NA,0,0,NA,NA
BT2526SWRLCP07SMRL,2526,2026-03-07,Biathlon Stadium Kontiolahti,RL,Relay,Men,TRUE,2,Emilien JACQUELIN,0+0 0+0,2,0,0,0,0,0,NA,NA,0,0,NA,NA
BT2526SWRLCP07SMMS,2526,2026-03-08,Biathlon Stadium Kontiolahti,MS,Mass Start,Men,FALSE,4,Sturla Holm LAEGREID,0+0+0+0,1,0,0,0,0,0,0,0,0,0,0,0
BT2526SWRLCP07SMMS,2526,2026-03-08,Biathlon Stadium Kontiolahti,MS,Mass Start,Men,FALSE,4,Emilien JACQUELIN,0+0+2+0,9,2,2,0,0,0,2,0,0,0,2,0
BT2526SWRLCP08SMSP,2526,2026-03-12,Tehvandi Sport Center,SP,Sprint,Men,FALSE,2,Sturla Holm LAEGREID,0+0,1,0,0,0,0,0,NA,NA,0,0,NA,NA
BT2526SWRLCP08SMSP,2526,2026-03-12,Tehvandi Sport Center,SP,Sprint,Men,FALSE,2,Emilien JACQUELIN,0+0,2,0,0,0,0,0,NA,NA,0,0,NA,NA
BT2526SWRLCP08SMPU,2526,2026-03-14,Tehvandi Sport Center,PU,Pursuit,Men,FALSE,4,Sturla Holm LAEGREID,0+0+0+1,1,1,1,0,0,0,0,1,0,0,0,1
BT2526SWRLCP08SMPU,2526,2026-03-14,Tehvandi Sport Center,PU,Pursuit,Men,FALSE,4,Emilien JACQUELIN,0+0+2+3,2,5,5,0,0,0,2,3,0,0,2,3
BT2526SWRLCP08MXSR,2526,2026-03-15,Tehvandi Sport Center,SR,Single Mixed Relay,Mixed,TRUE,2,Sturla Holm LAEGREID,0+0 0+3,1,3,0,3,0,3,NA,NA,0,0,NA,NA
BT2526SWRLCP08MXSR,2526,2026-03-15,Tehvandi Sport Center,SR,Single Mixed Relay,Mixed,TRUE,2,Sturla Holm LAEGREID,0+2 0+2,1,4,0,4,2,2,NA,NA,0,0,NA,NA
BT2526SWRLCP08MXSR,2526,2026-03-15,Tehvandi Sport Center,SR,Single Mixed Relay,Mixed,TRUE,2,Emilien JACQUELIN,0+0 0+3,NA,3,0,3,0,3,NA,NA,0,0,NA,NA
BT2526SWRLCP08MXSR,2526,2026-03-15,Tehvandi Sport Center,SR,Single Mixed Relay,Mixed,TRUE,2,Emilien JACQUELIN,0+0 2+4,NA,6,2,4,0,6,NA,NA,0,2,NA,NA
